,proteins_8
1,KMPRED*G
2,RCRGRTEA
3,DAEGGLRR
4,MPRED*GG
5,CRGRTEAG
6,AEGGLRRA
7,PRED*GGP
8,RGRTEAGL
9,EGGLRRAS
10,RED*GGPH
11,GRTEAGLT
12,GGLRRASP
13,ED*GGPHP
14,RTEAGLTP
15,GLRRASPQ
16,D*GGPHPR
17,TEAGLTPD
18,MRRASPQT
19,*GGPHPRQ
20,EAGLTPDR
21,RRASPQTE
22,GGPHPRQR
23,AGLTPDRG
24,RASPQTEG
25,GPHPRQRA
26,GLTPDRGP
27,ASPQTEGP
28,PHPRQRAP
29,LTPDRGPP
30,SPQTEGPQ
31,HPRQRAPN
32,TPDRGPPI
33,PQTEGPQ*
34,PRQRAPNN
35,PDRGPPII
36,QTEGPQ*S
37,RQRAPNNP
38,DRGPPIIQ
39,TEGPQ*SS
40,QRAPNNPA
41,RGPPIIQR
42,EGPQ*SSA
43,RAPNNPAL
44,GPPIIQRC
45,GPQ*SSAA
46,APNNPALP
47,PPIIQRCL
48,PQ*SSAAS
49,PNNPALPL
50,PIIQRCLC
51,Q*SSAASA
52,NNPALPLL
53,IIQRCLCC
54,*SSAASAA
55,NPALPLLP
56,IQRCLCCR
57,SSAASAAG
58,PALPLLPG
59,QRCLCCRA
60,SAASAAGP
61,ALPLLPGL
62,RCLCCRAW
63,AASAAGPG
64,MPLLPGLD
65,CLCCRAWT
66,ASAAGPGP
67,PLLPGLDH
68,LCCRAWTT
69,SAAGPGPP
70,MLPGLDHP
71,CCRAWTTL
72,AAGPGPPC
73,MPGLDHPA
74,CRAWTTLQ
75,AGPGPPCR
76,PGLDHPAG
77,RAWTTLQG
78,GPGPPCRG
79,GLDHPAGE
80,AWTTLQGK
81,PGPPCRGR
82,MDHPAGED
83,WTTLQGKT
84,GPPCRGRL
85,DHPAGEDF
86,TTLQGKTS
87,PPCRGRLL
88,HPAGEDFS
89,TLQGKTSQ
90,PCRGRLLR
91,PAGEDFSG
92,MQGKTSQA
93,CRGRLLRL
94,AGEDFSG*
95,QGKTSQAE
96,RGRLLRLS
97,GEDFSG*V
98,GKTSQAES
99,GRLLRLSR
100,EDFSG*VA
101,KTSQAESP
102,RLLRLSRH
103,DFSG*VAT
104,TSQAESPP
105,LLRLSRHH
106,FSG*VATT
107,SQAESPPP
108,LRLSRHHL
109,SG*VATTS
110,QAESPPPH
111,RLSRHHLT
112,G*VATTSP
113,AESPPPHP
114,MSRHHLTP
115,*VATTSPR
116,ESPPPHPA
117,SRHHLTPP
118,VATTSPRH
119,SPPPHPAT
120,RHHLTPPP
121,ATTSPRHP
122,PPPHPATP
123,HHLTPPPP
124,TTSPRHPP
125,PPHPATPR
126,HLTPPPPA
127,TSPRHPPP
128,PHPATPRR
129,LTPPPPAA
130,SPRHPPPL
131,HPATPRRF
132,TPPPPAAL
133,PRHPPPL*
134,PATPRRFN
135,PPPPAALT
136,RHPPPL*P
137,ATPRRFNR
138,PPPAALTA
139,HPPPL*PQ
140,TPRRFNRR
141,PPAALTAG
142,PPPL*PQG
143,PRRFNRRE
144,PAALTAGN
145,PPL*PQGT
146,RRFNRREL
147,AALTAGNS
148,PL*PQGTL
149,RFNRRELW
150,ALTAGNSG
151,L*PQGTLV
152,FNRRELWY
153,LTAGNSGI
154,*PQGTLVS
155,NRRELWYL
156,TAGNSGIS
157,PQGTLVSQ
158,RRELWYLR
159,AGNSGISG
160,QGTLVSQG
161,RELWYLRE
162,GNSGISGS
163,GTLVSQGV
164,ELWYLREL
165,NSGISGS*
166,TLVSQGVE
167,LWYLRELR
168,SGISGS*G
169,MVSQGVED
170,WYLRELRT
171,GISGS*GP
172,VSQGVEDL
173,YLRELRTF
174,ISGS*GPF
175,SQGVEDLF
176,LRELRTFS
177,SGS*GPFL
178,QGVEDLFF
179,RELRTFSS
180,GS*GPFLQ
181,GVEDLFFR
182,ELRTFSSE
183,S*GPFLQR
184,VEDLFFRG
185,MRTFSSEG
186,*GPFLQRV
187,EDLFFRG*
188,RTFSSEGD
189,GPFLQRVT
190,DLFFRG*L
191,TFSSEGDS
192,PFLQRVTQ
193,LFFRG*LR
194,FSSEGDSG
195,FLQRVTQV
196,FFRG*LRS
197,SSEGDSGQ
198,LQRVTQVN
199,FRG*LRST
200,SEGDSGQH
201,QRVTQVNT
202,RG*LRSTQ
203,EGDSGQHR
204,RVTQVNTG
205,G*LRSTQG
206,GDSGQHRG
207,VTQVNTGA
208,*LRSTQGP
209,DSGQHRGP
210,TQVNTGAP
211,LRSTQGPP
212,SGQHRGPH
213,QVNTGAPM
214,RSTQGPPC
215,GQHRGPHV
216,VNTGAPM*
217,STQGPPCS
218,QHRGPHVV
219,NTGAPM*S
220,TQGPPCSR
221,HRGPHVVD
222,TGAPM*ST
223,QGPPCSRQ
224,RGPHVVDR
225,GAPM*STD
226,GPPCSRQT
227,GPHVVDRH
228,APM*STDT
229,PPCSRQTQ
230,PHVVDRHS
231,PM*STDTV
232,PCSRQTQW
233,HVVDRHSG
234,M*STDTVV
235,CSRQTQWS
236,VVDRHSGP
237,*STDTVVL
238,SRQTQWS*
239,VDRHSGPK
240,STDTVVLR
241,RQTQWS*D
242,DRHSGPKI
243,TDTVVLRS
244,QTQWS*DL
245,RHSGPKIY
246,DTVVLRST
247,TQWS*DLP
248,HSGPKIYQ
249,TVVLRSTK
250,QWS*DLPS
251,SGPKIYQA
252,VVLRSTKH
253,WS*DLPSI
254,GPKIYQAS
255,VLRSTKHP
256,S*DLPSIQ
257,PKIYQASR
258,LRSTKHPG
259,*DLPSIQV
260,KIYQASRF
261,RSTKHPGS
262,DLPSIQVL
263,IYQASRF*
264,STKHPGSE
265,LPSIQVLR
266,YQASRF*G
267,TKHPGSEE
268,PSIQVLRR
269,QASRF*GD
270,KHPGSEET
271,SIQVLRRQ
272,ASRF*GDR
273,HPGSEETG
274,IQVLRRQA
275,SRF*GDRP
276,PGSEETGP
277,QVLRRQAP
278,RF*GDRPR
279,GSEETGPG
280,VLRRQAPE
281,F*GDRPRS
282,SEETGPGA
283,MRRQAPEQ
284,*GDRPRSS
285,EETGPGAA
286,RRQAPEQH
287,GDRPRSST
288,ETGPGAAL
289,RQAPEQH*
290,DRPRSSTS
291,TGPGAALA
292,QAPEQH*L
293,RPRSSTSS
294,GPGAALAP
295,APEQH*LL
296,PRSSTSSC
297,PGAALAPA
298,PEQH*LLP
299,RSSTSSCP
300,GAALAPAH
301,EQH*LLPT
302,SSTSSCPH
303,AALAPAHT
304,QH*LLPTL
305,STSSCPHS
306,ALAPAHTP
307,H*LLPTLL
308,TSSCPHSY
309,LAPAHTPT
310,*LLPTLLP
311,SSCPHSYL
312,APAHTPTC
313,LLPTLLPA
314,SCPHSYLL
315,PAHTPTCC
316,MPTLLPAA
317,CPHSYLLP
318,AHTPTCCP
319,PTLLPAAL
320,PHSYLLP*
321,HTPTCCPD
322,TLLPAALT
323,HSYLLP*P
324,TPTCCPDQ
325,LLPAALTR
326,SYLLP*PE
327,PTCCPDQS
328,LPAALTRV
329,YLLP*PES
330,TCCPDQSH
331,PAALTRVI
332,MLP*PESS
333,CCPDQSHH
334,AALTRVIM
335,MP*PESSC
336,CPDQSHHA
337,ALTRVIMP
338,P*PESSCH
339,PDQSHHAT
340,MTRVIMPL
341,*PESSCHL
342,DQSHHAT*
343,TRVIMPLE
344,PESSCHLS
345,QSHHAT*A
346,RVIMPLEQ
347,ESSCHLSR
348,SHHAT*AE
349,VIMPLEQR
350,SSCHLSRG
351,HHAT*AEE
352,IMPLEQRS
353,SCHLSRGV
354,HAT*AEES
355,MPLEQRSQ
356,CHLSRGVS
357,AT*AEESA
358,PLEQRSQH
359,HLSRGVST
360,T*AEESAL
361,LEQRSQHC
362,MSRGVSTA
363,*AEESALQ
364,EQRSQHCK
365,SRGVSTAS
366,AEESALQA
367,QRSQHCKP
368,RGVSTASL
369,EESALQA*
370,RSQHCKPE
371,GVSTASLR
372,ESALQA*G
373,SQHCKPEE
374,VSTASLRK
375,SALQA*GR
376,QHCKPEEG
377,STASLRKA
378,ALQA*GRP
379,HCKPEEGL
380,TASLRKAL
381,MQA*GRP*
382,CKPEEGLE
383,ASLRKALR
384,QA*GRP*G
385,KPEEGLEA
386,SLRKALRP
387,A*GRP*GP
388,PEEGLEAQ
389,MRKALRPK
390,*GRP*GPR
391,EEGLEAQG
392,RKALRPKE
393,GRP*GPRR
394,EGLEAQGE
395,KALRPKER
396,RP*GPRRG
397,GLEAQGEA
398,ALRPKERP
399,P*GPRRGP
400,LEAQGEAL
401,MRPKERPW
402,*GPRRGPG
403,EAQGEALG
404,RPKERPWA
405,GPRRGPGL
406,AQGEALGL
407,PKERPWAW
408,PRRGPGLG
409,QGEALGLV
410,KERPWAWW
411,RRGPGLGG
412,GEALGLVG
413,ERPWAWWV
414,RGPGLGGC
415,EALGLVGA
416,RPWAWWVR
417,GPGLGGCA
418,ALGLVGAQ
419,PWAWWVRR
420,PGLGGCAG
421,MGLVGAQA
422,WAWWVRRL
423,GLGGCAGS
424,GLVGAQAP
425,AWWVRRLL
426,LGGCAGSC
427,MVGAQAPA
428,WWVRRLLL
429,GGCAGSCY
430,VGAQAPAT
431,WVRRLLLL
432,GCAGSCY*
433,GAQAPATE
434,VRRLLLLR
435,CAGSCY*G
436,AQAPATEE
437,RRLLLLRS
438,AGSCY*GA
439,QAPATEEQ
440,RLLLLRSR
441,GSCY*GAG
442,APATEEQE
443,LLLLRSRR
444,SCY*GAGD
445,PATEEQET
446,MLLRSRRL
447,CY*GAGDC
448,ATEEQETA
449,LLRSRRLP
450,Y*GAGDCL
451,TEEQETAS
452,MRSRRLPP
453,*GAGDCLL
454,EEQETASS
455,RSRRLPPP
456,GAGDCLLL
457,EQETASSS
458,SRRLPPPP
459,AGDCLLLL
460,QETASSSS
461,RRLPPPPL
462,GDCLLLLY
463,ETASSSST
464,RLPPPPLL
465,DCLLLLYS
466,TASSSSTL
467,MPPPPLL*
468,CLLLLYSS
469,ASSSSTLV
470,PPPPLL*W
471,LLLLYSSG
472,SSSSTLVE
473,PPPLL*WK
474,LLLYSSGS
475,SSSTLVEV
476,PPLL*WKS
477,LLYSSGSH
478,SSTLVEVT
479,PLL*WKSP
480,LYSSGSHP
481,STLVEVTL
482,LL*WKSPC
483,YSSGSHPA
484,TLVEVTLR
485,L*WKSPCG
486,SSGSHPAG
487,LVEVTLRE
488,*WKSPCGR
489,SGSHPAGG
490,VEVTLREV
491,WKSPCGRC
492,GSHPAGGA
493,EVTLREVP
494,KSPCGRCL
495,SHPAGGAC
496,VTLREVPA
497,SPCGRCLL
498,HPAGGACC
499,TLREVPAA
500,PCGRCLLP
501,PAGGACCR
502,MREVPAAE
503,CGRCLLPS
504,AGGACCRV
505,REVPAAES
506,GRCLLPSH
507,GGACCRVT
508,EVPAAESP
509,RCLLPSHQ
510,GACCRVTK
511,VPAAESPS
512,CLLPSHQV
513,ACCRVTKS
514,PAAESPSP
515,MLPSHQVL
516,CCRVTKSS
517,AAESPSPP
518,MPSHQVLP
519,CRVTKSSP
520,AESPSPPH
521,PSHQVLPT
522,RVTKSSPQ
523,ESPSPPHS
524,SHQVLPTV
525,VTKSSPQS
526,SPSPPHSP
527,HQVLPTVL
528,TKSSPQSS
529,PSPPHSPQ
530,QVLPTVLR
531,KSSPQSSG
532,SPPHSPQG
533,VLPTVLRE
534,SSPQSSGS
535,PPHSPQGA
536,LPTVLREP
537,SPQSSGSL
538,PHSPQGAS
539,PTVLREPP
540,PQSSGSLH
541,HSPQGAST
542,TVLREPPP
543,QSSGSLHP
544,SPQGASTL
545,VLREPPPS
546,SSGSLHPP
547,PQGASTLP
548,LREPPPSP
549,SGSLHPPH
550,QGASTLPT
551,REPPPSPL
552,GSLHPPHY
553,GASTLPTT
554,EPPPSPLP
555,SLHPPHYH
556,ASTLPTTI
557,PPPSPLPS
558,LHPPHYHQ
559,STLPTTIN
560,PPSPLPST
561,HPPHYHQL
562,TLPTTINY
563,PSPLPSTI
564,PPHYHQLY
565,LPTTINYT
566,SPLPSTIL
567,PHYHQLYS
568,PTTINYTL
569,PLPSTILS
570,HYHQLYSL
571,TTINYTLW
572,LPSTILSG
573,YHQLYSLE
574,TINYTLWS
575,PSTILSGV
576,HQLYSLES
577,INYTLWSQ
578,STILSGVN
579,QLYSLESI
580,NYTLWSQS
581,TILSGVNP
582,LYSLESIR
583,YTLWSQSD
584,ILSGVNPM
585,YSLESIR*
586,TLWSQSDE
587,LSGVNPMR
588,SLESIR*G
589,LWSQSDEG
590,SGVNPMRA
591,MESIR*GL
592,WSQSDEGS
593,GVNPMRAP
594,ESIR*GLQ
595,SQSDEGSS
596,VNPMRAPA
597,SIR*GLQQ
598,QSDEGSSN
599,NPMRAPAT
600,IR*GLQQR
601,SDEGSSNE
602,PMRAPATK
603,R*GLQQRR
604,DEGSSNEE
605,MRAPATKN
606,*GLQQRRT
607,EGSSNEEQ
608,RAPATKNR
609,GLQQRRTG
610,GSSNEEQE
611,APATKNRK
612,LQQRRTGR
613,SSNEEQEG
614,PATKNRKG
615,QQRRTGRA
616,SNEEQEGP
617,ATKNRKGQ
618,QRRTGRAK
619,NEEQEGPS
620,TKNRKGQA
621,RRTGRAKH
622,EEQEGPST
623,KNRKGQAP
624,RTGRAKHL
625,EQEGPSTF
626,NRKGQAPF
627,TGRAKHLS
628,QEGPSTFP
629,RKGQAPFL
630,GRAKHLS*
631,EGPSTFPD
632,KGQAPFLT
633,RAKHLS*P
634,GPSTFPDL
635,GQAPFLTW
636,AKHLS*PG
637,PSTFPDLE
638,QAPFLTWR
639,KHLS*PGD
640,STFPDLET
641,APFLTWRR
642,HLS*PGDE
643,TFPDLETS
644,PFLTWRRA
645,LS*PGDEL
646,FPDLETSF
647,FLTWRRAS
648,S*PGDELP
649,PDLETSFQ
650,MTWRRASK
651,*PGDELPS
652,DLETSFQV
653,TWRRASK*
654,PGDELPSS
655,METSFQVA
656,WRRASK*H
657,GDELPSST
658,ETSFQVAL
659,RRASK*HS
660,DELPSSTQ
661,TSFQVALS
662,RASK*HSV
663,ELPSSTQ*
664,SFQVALSR
665,ASK*HSVG
666,LPSSTQ*E
667,FQVALSRK
668,SK*HSVGR
669,PSSTQ*ED
670,QVALSRKM
671,K*HSVGRW
672,SSTQ*EDG
673,VALSRKMA
674,*HSVGRWL
675,STQ*EDG*
676,ALSRKMAE
677,HSVGRWLS
678,TQ*EDG*V
679,LSRKMAEL
680,SVGRWLSW
681,Q*EDG*VG
682,SRKMAELV
683,VGRWLSWF
684,*EDG*VGS
685,RKMAELVH
686,GRWLSWFI
687,EDG*VGSF
688,KMAELVHF
689,RWLSWFIF
690,DG*VGSFS
691,MAELVHFL
692,WLSWFIFC
693,G*VGSFSA
694,AELVHFLL
695,MSWFIFCS
696,*VGSFSAP
697,ELVHFLLL
698,SWFIFCSS
699,VGSFSAPQ
700,MVHFLLLK
701,WFIFCSSS
702,GSFSAPQV
703,VHFLLLKY
704,FIFCSSSI
705,SFSAPQVS
706,HFLLLKYR
707,IFCSSSIE
708,FSAPQVSS
709,FLLLKYRA
710,FCSSSIEP
711,SAPQVSSQ
712,MLLKYRAR
713,CSSSIEPG
714,APQVSSQG
715,LLKYRARE
716,SSSIEPGS
717,PQVSSQGA
718,LKYRAREP
719,SSIEPGSH
720,QVSSQGAI
721,KYRAREPF
722,SIEPGSHS
723,VSSQGAIH
724,YRAREPFT
725,IEPGSHSQ
726,SSQGAIHK
727,RAREPFTK
728,EPGSHSQR
729,SQGAIHKG
730,AREPFTKA
731,PGSHSQRQ
732,QGAIHKGR
733,REPFTKAE
734,GSHSQRQK
735,GAIHKGRN
736,EPFTKAEM
737,SHSQRQKC
738,AIHKGRNA
739,PFTKAEML
740,HSQRQKCW
741,IHKGRNAG
742,FTKAEMLG
743,SQRQKCWG
744,HKGRNAGE
745,TKAEMLGS
746,QRQKCWGV
747,KGRNAGEC
748,KAEMLGSV
749,RQKCWGVS
750,GRNAGECH
751,AEMLGSVI
752,QKCWGVSS
753,RNAGECHQ
754,EMLGSVIR
755,KCWGVSSE
756,NAGECHQK
757,MLGSVIRN
758,CWGVSSEI
759,AGECHQKF
760,MGSVIRNF
761,WGVSSEIS
762,GECHQKFP
763,GSVIRNFQ
764,GVSSEISR
765,ECHQKFPG
766,SVIRNFQD
767,VSSEISRT
768,CHQKFPGL
769,VIRNFQDF
770,SSEISRTS
771,HQKFPGLL
772,IRNFQDFF
773,SEISRTSF
774,QKFPGLLS
775,RNFQDFFP
776,EISRTSFL
777,KFPGLLSC
778,NFQDFFPV
779,ISRTSFL*
780,FPGLLSCD
781,FQDFFPVI
782,SRTSFL*S
783,PGLLSCDL
784,QDFFPVIF
785,RTSFL*SS
786,GLLSCDLQ
787,DFFPVIFS
788,TSFL*SSA
789,LLSCDLQQ
790,FFPVIFSK
791,SFL*SSAK
792,LSCDLQQS
793,FPVIFSKA
794,FL*SSAKP
795,SCDLQQSL
796,PVIFSKAS
797,M*SSAKPP
798,CDLQQSLR
799,VIFSKASE
800,*SSAKPPS
801,DLQQSLRV
802,IFSKASEY
803,SSAKPPST
804,LQQSLRVL
805,FSKASEYL
806,SAKPPSTC
807,QQSLRVLA
808,SKASEYLQ
809,AKPPSTCS
810,QSLRVLAA
811,KASEYLQL
812,KPPSTCSW
813,SLRVLAAG
814,ASEYLQLV
815,PPSTCSWS
816,LRVLAAGL
817,SEYLQLVF
818,PSTCSWSL
819,RVLAAGLW
820,EYLQLVFG
821,STCSWSLA
822,VLAAGLWH
823,YLQLVFGI
824,TCSWSLAS
825,LAAGLWHR
826,MQLVFGIE
827,CSWSLASR
828,AAGLWHRG
829,QLVFGIEV
830,SWSLASRW
831,AGLWHRGG
832,MVFGIEVV
833,WSLASRWW
834,GLWHRGGG
835,VFGIEVVE
836,SLASRWWK
837,LWHRGGGS
838,FGIEVVEV
839,MASRWWKW
840,WHRGGGSG
841,GIEVVEVV
842,ASRWWKWS
843,HRGGGSGP
844,IEVVEVVR
845,SRWWKWSA
846,RGGGSGPH
847,EVVEVVRI
848,RWWKWSAS
849,GGGSGPHR
850,VVEVVRIG
851,WWKWSASA
852,GGSGPHRP
853,VEVVRIGH
854,WKWSASAT
855,GSGPHRPL
856,EVVRIGHL
857,KWSASATC
858,SGPHRPLV
859,VVRIGHLY
860,WSASATCT
861,GPHRPLVH
862,VRIGHLYI
863,SASATCTS
864,PHRPLVHP
865,RIGHLYIL
866,ASATCTSL
867,HRPLVHPC
868,IGHLYILV
869,SATCTSLS
870,RPLVHPCH
871,GHLYILVT
872,ATCTSLSP
873,PLVHPCHL
874,HLYILVTC
875,TCTSLSPA
876,LVHPCHLP
877,MYILVTCL
878,CTSLSPAW
879,VHPCHLPG
880,YILVTCLG
881,TSLSPAWA
882,HPCHLPGP
883,ILVTCLGL
884,SLSPAWAS
885,PCHLPGPL
886,LVTCLGLS
887,MSPAWASP
888,CHLPGPLL
889,VTCLGLSY
890,SPAWASPT
891,HLPGPLLR
892,TCLGLSYD
893,PAWASPTM
894,MPGPLLRW
895,CLGLSYDG
896,AWASPTMA
897,PGPLLRWP
898,MGLSYDGL
899,WASPTMAC
900,GPLLRWPA
901,GLSYDGLL
902,ASPTMACW
903,PLLRWPAG
904,LSYDGLLG
905,SPTMACWA
906,LLRWPAGR
907,SYDGLLGD
908,PTMACWAT
909,LRWPAGRQ
910,YDGLLGDN
911,TMACWATI
912,RWPAGRQS
913,DGLLGDNQ
914,MACWATIR
915,WPAGRQSD
916,GLLGDNQI
917,ACWATIRS
918,PAGRQSDR
919,MLGDNQIV
920,CWATIRSC
921,AGRQSDRA
922,MGDNQIVP
923,WATIRSCP
924,GRQSDRAQ
925,GDNQIVPK
926,ATIRSCPR
927,RQSDRAQD
928,DNQIVPKT
929,TIRSCPRQ
930,QSDRAQDR
931,NQIVPKTG
932,IRSCPRQA
933,SDRAQDRP
934,QIVPKTGL
935,RSCPRQAS
936,DRAQDRPP
937,IVPKTGLL
938,SCPRQAS*
939,RAQDRPPD
940,VPKTGLLI
941,CPRQAS**
942,AQDRPPDN
943,PKTGLLII
944,PRQAS**S
945,QDRPPDNR
946,KTGLLIIV
947,RQAS**SS
948,DRPPDNRP
949,TGLLIIVL
950,QAS**SSW
951,RPPDNRPG
952,GLLIIVLA
953,AS**SSWP
954,PPDNRPGH
955,LLIIVLAI
956,S**SSWP*
957,PDNRPGHN
958,MIIVLAII
959,**SSWP*S
960,DNRPGHNR
961,IIVLAIIA
962,*SSWP*SQ
963,NRPGHNRK
964,IVLAIIAK
965,SSWP*SQK
966,RPGHNRKR
967,VLAIIAKE
968,SWP*SQKR
969,PGHNRKRG
970,MAIIAKEG
971,WP*SQKRA
972,GHNRKRGR
973,AIIAKEGD
974,P*SQKRAT
975,HNRKRGRL
976,IIAKEGDC
977,*SQKRATV
978,NRKRGRLC
979,IAKEGDCA
980,SQKRATVP
981,RKRGRLCP
982,AKEGDCAP
983,QKRATVPL
984,KRGRLCP*
985,KEGDCAPE
986,KRATVPLR
987,RGRLCP*G
988,EGDCAPEE
989,RATVPLRR
990,GRLCP*GE
991,GDCAPEEK
992,ATVPLRRK
993,RLCP*GEN
994,DCAPEEKI
995,TVPLRRKS
996,MCP*GENL
997,CAPEEKIW
998,VPLRRKSG
999,CP*GENLG
1000,APEEKIWE
1001,PLRRKSGR
1002,P*GENLGG
1003,PEEKIWEE
1004,MRRKSGRS
1005,*GENLGGA
1006,EEKIWEEL
1007,RRKSGRS*
1008,GENLGGAE
1009,EKIWEELS
1010,RKSGRS*V
1011,ENLGGAEC
1012,KIWEELSV
1013,KSGRS*VC
1014,NLGGAECV
1015,IWEELSVL
1016,SGRS*VCW
1017,MGGAECVG
1018,WEELSVLE
1019,GRS*VCWR
1020,GGAECVGG
1021,EELSVLEA
1022,RS*VCWRH
1023,GAECVGGI
1024,ELSVLEAS
1025,S*VCWRHL
1026,AECVGGI*
1027,MSVLEASD
1028,*VCWRHLM
1029,ECVGGI*W
1030,SVLEASDG
1031,VCWRHLMG
1032,CVGGI*WE
1033,VLEASDGR
1034,CWRHLMGG
1035,VGGI*WEG
1036,MEASDGRE
1037,WRHLMGGR
1038,GGI*WEGG
1039,EASDGRED
1040,RHLMGGRT
1041,GI*WEGGQ
1042,ASDGREDS
1043,HLMGGRTV
1044,I*WEGGQC
1045,SDGREDSV
1046,MMGGRTVS
1047,*WEGGQCL
1048,DGREDSVF
1049,MGGRTVSL
1050,WEGGQCLC
1051,GREDSVFA
1052,GGRTVSLR
1053,EGGQCLCA
1054,REDSVFAH
1055,GRTVSLRI
1056,GGQCLCAS
1057,EDSVFAHP
1058,RTVSLRIP
1059,GQCLCASQ
1060,DSVFAHPR
1061,TVSLRIPG
1062,QCLCASQE
1063,SVFAHPRK
1064,VSLRIPGS
1065,CLCASQEA
1066,VFAHPRKL
1067,SLRIPGSC
1068,LCASQEAA
1069,FAHPRKLL
1070,MRIPGSCS
1071,CASQEAAH
1072,AHPRKLLT
1073,RIPGSCSP
1074,ASQEAAHP
1075,HPRKLLTQ
1076,IPGSCSPK
1077,SQEAAHPR
1078,PRKLLTQD
1079,PGSCSPKI
1080,QEAAHPRF
1081,RKLLTQDL
1082,GSCSPKIW
1083,EAAHPRFG
1084,KLLTQDLV
1085,SCSPKIWC
1086,AAHPRFGA
1087,MLTQDLVQ
1088,CSPKIWCR
1089,AHPRFGAG
1090,LTQDLVQE
1091,SPKIWCRK
1092,HPRFGAGK
1093,TQDLVQEN
1094,PKIWCRKT
1095,PRFGAGKL
1096,QDLVQENY
1097,KIWCRKTT
1098,RFGAGKLP
1099,DLVQENYL
1100,IWCRKTTW
1101,FGAGKLPG
1102,MVQENYLE
1103,WCRKTTWS
1104,GAGKLPGV
1105,VQENYLEY
1106,CRKTTWST
1107,AGKLPGVP
1108,QENYLEYR
1109,RKTTWSTG
1110,GKLPGVPA
1111,ENYLEYRQ
1112,KTTWSTGR
1113,KLPGVPAG
1114,NYLEYRQV
1115,TTWSTGRS
1116,LPGVPAGP
1117,YLEYRQVP
1118,TWSTGRSP
1119,PGVPAGPR
1120,MEYRQVPG
1121,WSTGRSPA
1122,GVPAGPRQ
1123,EYRQVPGS
1124,STGRSPAV
1125,VPAGPRQ*
1126,YRQVPGSD
1127,TGRSPAVI
1128,PAGPRQ*S
1129,RQVPGSDP
1130,GRSPAVIL
1131,AGPRQ*SC
1132,QVPGSDPA
1133,RSPAVILH
1134,GPRQ*SCM
1135,VPGSDPAC
1136,SPAVILHA
1137,PRQ*SCML
1138,PGSDPACY
1139,PAVILHAT
1140,RQ*SCMLR
1141,GSDPACYE
1142,AVILHATS
1143,Q*SCMLRV
1144,SDPACYEF
1145,VILHATSS
1146,*SCMLRVP
1147,DPACYEFL
1148,ILHATSSC
1149,SCMLRVPV
1150,PACYEFLW
1151,MHATSSCG
1152,CMLRVPVG
1153,ACYEFLWG
1154,HATSSCGV
1155,MLRVPVGS
1156,CYEFLWGP
1157,ATSSCGVQ
1158,LRVPVGSK
1159,YEFLWGPR
1160,TSSCGVQG
1161,RVPVGSKG
1162,EFLWGPRA
1163,SSCGVQGP
1164,VPVGSKGP
1165,FLWGPRAL
1166,SCGVQGPS
1167,PVGSKGPR
1168,MWGPRALV
1169,CGVQGPSL
1170,VGSKGPR*
1171,WGPRALVE
1172,GVQGPSLK
1173,GSKGPR*N
1174,GPRALVET
1175,VQGPSLKP
1176,SKGPR*NQ
1177,PRALVETS
1178,QGPSLKPA
1179,KGPR*NQL
1180,RALVETSY
1181,GPSLKPAM
1182,GPR*NQLC
1183,ALVETSYV
1184,PSLKPAM*
1185,PR*NQLCE
1186,LVETSYVK
1187,SLKPAM*K
1188,R*NQLCES
1189,VETSYVKV
1190,MKPAM*KS
1191,*NQLCESP
1192,ETSYVKVL
1193,KPAM*KSC
1194,NQLCESPA
1195,TSYVKVLH
1196,PAM*KSCT
1197,QLCESPAP
1198,SYVKVLHH
1199,AM*KSCTI
1200,LCESPAPF
1201,YVKVLHHL
1202,M*KSCTIC
1203,CESPAPFA
1204,VKVLHHLL
1205,*KSCTIC*
1206,ESPAPFAK
1207,KVLHHLLK
1208,KSCTIC*R
1209,SPAPFAKD
1210,VLHHLLKI
1211,SCTIC*RS
1212,PAPFAKDQ
1213,MHHLLKIS
1214,CTIC*RSV
1215,APFAKDQW
1216,HHLLKISG
1217,TIC*RSVE
1218,PFAKDQWR
1219,HLLKISGG
1220,IC*RSVED
1221,FAKDQWRT
1222,MLKISGGP
1223,C*RSVEDL
1224,AKDQWRTS
1225,LKISGGPH
1226,*RSVEDLT
1227,KDQWRTSH
1228,KISGGPHI
1229,RSVEDLTF
1230,DQWRTSHF
1231,ISGGPHIS
1232,SVEDLTFP
1233,QWRTSHFL
1234,SGGPHISY
1235,VEDLTFPT
1236,WRTSHFLP
1237,GGPHISYP
1238,EDLTFPTH
1239,RTSHFLPT
1240,GPHISYPP
1241,DLTFPTHP
1242,TSHFLPTP
1243,PHISYPPL
1244,LTFPTHPC
1245,SHFLPTPA
1246,HISYPPLH
1247,TFPTHPCM
1248,HFLPTPA*
1249,ISYPPLHE
1250,FPTHPCMN
1251,FLPTPA*M
1252,SYPPLHEW
1253,PTHPCMNG
1254,LPTPA*MG
1255,YPPLHEWA
1256,THPCMNGL
1257,PTPA*MGF
1258,PPLHEWAF
1259,HPCMNGLL
1260,TPA*MGF*
1261,PLHEWAFR
1262,PCMNGLLE
1263,PA*MGF*R
1264,MHEWAFRE
1265,CMNGLLER
1266,A*MGF*RG
1267,HEWAFREG
1268,MNGLLERG
1269,*MGF*RGG
1270,EWAFREGE
1271,NGLLERGK
1272,MGF*RGGR
1273,WAFREGEE
1274,GLLERGKS
1275,GF*RGGRV
1276,AFREGEE*
1277,LLERGKSE
1278,F*RGGRVS
1279,FREGEE*V
1280,LERGKSES
1281,*RGGRVSL
1282,REGEE*V*
1283,ERGKSESE
1284,RGGRVSLS
1285,EGEE*V*A
1286,RGKSESEH
1287,GGRVSLST
1288,GEE*V*AR
1289,GKSESEHE
1290,GRVSLSTS
1291,EE*V*ARV
1292,KSESEHEL
1293,RVSLSTSC
1294,E*V*ARVA
1295,SESEHELQ
1296,VSLSTSCS
1297,*V*ARVAA
1298,ESEHELQP
1299,SLSTSCSQ
1300,V*ARVAAR
1301,SEHELQPG
1302,MSTSCSQG
1303,*ARVAARA
1304,EHELQPGP
1305,STSCSQGQ
1306,ARVAARAS
1307,HELQPGPV
1308,TSCSQGQW
1309,RVAARASG
1310,ELQPGPVG
1311,SCSQGQWE
1312,VAARASGR
1313,MQPGPVGG
1314,CSQGQWEG
1315,AARASGRG
1316,QPGPVGGG
1317,SQGQWEGV
1318,ARASGRGS
1319,PGPVGGGL
1320,QGQWEGVW
1321,RASGRGSG
1322,GPVGGGLG
1323,GQWEGVWA
1324,ASGRGSGP
1325,PVGGGLGQ
1326,QWEGVWAS
1327,SGRGSGPV
1328,VGGGLGQC
1329,WEGVWASA
1330,GRGSGPVH
1331,GGGLGQCT
1332,EGVWASAP
1333,RGSGPVHL
1334,GGLGQCTF
1335,GVWASAPS
1336,GSGPVHLP
1337,GLGQCTFQ
1338,VWASAPSK
1339,SGPVHLPR
1340,MGQCTFQG
1341,WASAPSKA
1342,GPVHLPRP
1343,GQCTFQGP
1344,ASAPSKAP
1345,PVHLPRPH
1346,QCTFQGPI
1347,SAPSKAPS
1348,VHLPRPHP
1349,CTFQGPIH
1350,APSKAPSI
1351,HLPRPHPL
1352,TFQGPIH*
1353,PSKAPSIS
1354,LPRPHPLV
1355,FQGPIH*F
1356,SKAPSISF
1357,PRPHPLVS
1358,QGPIH*FP
1359,KAPSISFH
1360,RPHPLVST
1361,GPIH*FPL
1362,APSISFHC
1363,PHPLVSTA
1364,PIH*FPLP
1365,PSISFHCL
1366,HPLVSTAS
1367,IH*FPLPR
1368,SISFHCLV
1369,PLVSTASC
1370,H*FPLPRV
1371,ISFHCLV*
1372,LVSTASCD
1373,*FPLPRVT
1374,SFHCLV*H
1375,VSTASCDM
1376,FPLPRVT*
1377,FHCLV*HE
1378,STASCDMR
1379,PLPRVT*G
1380,HCLV*HEA
1381,TASCDMRP
1382,MPRVT*GP
1383,CLV*HEAH
1384,ASCDMRPI
1385,PRVT*GPF
1386,LV*HEAHS
1387,SCDMRPIL
1388,RVT*GPFF
1389,V*HEAHSS
1390,CDMRPILH
1391,VT*GPFFT
1392,*HEAHSSL
1393,DMRPILHS
1394,T*GPFFTL
1395,HEAHSSLF
1396,MRPILHSL
1397,*GPFFTL*
1398,EAHSSLFE
1399,RPILHSLK
1400,GPFFTL*R
1401,AHSSLFEE
1402,PILHSLKR
1403,PFFTL*RE
1404,HSSLFEES
1405,ILHSLKRA
1406,FFTL*REQ
1407,SSLFEESS
1408,LHSLKRAV
1409,FTL*REQS
1410,SLFEESSQ
1411,HSLKRAVS
1412,TL*REQSV
1413,LFEESSQY
1414,SLKRAVSI
1415,L*REQSVL
1416,FEESSQYC
1417,MKRAVSIV
1418,*REQSVLL
1419,EESSQYC*
1420,KRAVSIVS
1421,REQSVLLV
1422,ESSQYC**
1423,RAVSIVSS
1424,EQSVLLVV
1425,SSQYC***
1426,AVSIVSSE
1427,QSVLLVVS
1428,SQYC***V
1429,VSIVSSEF
1430,SVLLVVSF
1431,QYC***VS
1432,SIVSSEFL
1433,VLLVVSFC
1434,YC***VSV
1435,IVSSEFLF
1436,MLVVSFCS
1437,C***VSVL
1438,VSSEFLFY
1439,LVVSFCSI
1440,***VSVLL
1441,SSEFLFYW
1442,VVSFCSIG
1443,**VSVLLD
1444,SEFLFYWM
1445,VSFCSIG*
1446,*VSVLLDD
1447,EFLFYWMT
1448,SFCSIG*L
1449,VSVLLDDF
1450,FLFYWMTL
1451,FCSIG*L*
1452,SVLLDDFE
1453,MFYWMTLR
1454,CSIG*L*D
1455,VLLDDFEI
1456,FYWMTLRF
1457,SIG*L*DL
1458,LLDDFEIY
1459,YWMTLRFI
1460,IG*L*DLS
1461,MDDFEIYL
1462,WMTLRFIF
1463,G*L*DLSL
1464,DDFEIYLC
1465,MTLRFIFV
1466,*L*DLSLF
1467,DFEIYLCF
1468,TLRFIFVS
1469,L*DLSLFP
1470,FEIYLCFL
1471,MRFIFVSC
1472,*DLSLFPV
1473,EIYLCFLL
1474,RFIFVSCW
1475,DLSLFPVG
1476,IYLCFLLE
1477,FIFVSCWN
1478,LSLFPVGI
1479,YLCFLLEL
1480,IFVSCWNC
1481,SLFPVGIV
1482,LCFLLELF
1483,FVSCWNCS
1484,MFPVGIVQ
1485,CFLLELFK
1486,VSCWNCSN
1487,FPVGIVQM
1488,FLLELFKC
1489,SCWNCSNV
1490,PVGIVQMF
1491,MLELFKCS
1492,CWNCSNVP
1493,VGIVQMFL
1494,MELFKCSF
1495,WNCSNVPF
1496,GIVQMFLL
1497,ELFKCSF*
1498,NCSNVPFN
1499,IVQMFLLT
1500,MFKCSF*R
1501,CSNVPFNG
1502,VQMFLLTD
1503,FKCSF*RM
1504,SNVPFNGW
1505,QMFLLTDG
1506,KCSF*RMV
1507,NVPFNGWL
1508,MFLLTDG*
1509,CSF*RMVE
1510,VPFNGWLN
1511,FLLTDG*M
1512,SF*RMVE*
1513,PFNGWLNE
1514,LLTDG*MN
1515,F*RMVE*T
1516,FNGWLNEL
1517,LTDG*MNF
1518,*RMVE*TS
1519,NGWLNELQ
1520,TDG*MNFS
1521,RMVE*TSA
1522,GWLNELQH
1523,DG*MNFSI
1524,MVE*TSAS
1525,WLNELQHP
1526,G*MNFSIQ
1527,VE*TSASK
1528,MNELQHPS
1529,*MNFSIQV
1530,E*TSASKF
1531,NELQHPSL
1532,MNFSIQVY
1533,*TSASKFM
1534,ELQHPSL*
1535,NFSIQVYE
1536,TSASKFMN
1537,LQHPSL*M
1538,FSIQVYE*
1539,SASKFMND
1540,QHPSL*MT
1541,SIQVYE*Q
1542,ASKFMNDS
1543,HPSL*MTV
1544,IQVYE*Q*
1545,SKFMNDSS
1546,PSL*MTVV
1547,QVYE*Q*S
1548,KFMNDSSH
1549,SL*MTVVT
1550,VYE*Q*SH
1551,FMNDSSHT
1552,L*MTVVTH
1553,YE*Q*SHI
1554,MNDSSHT*
1555,*MTVVTHS
1556,E*Q*SHIV
1557,NDSSHT*C
1558,MTVVTHSA
1559,*Q*SHIVL
1560,DSSHT*CC
1561,TVVTHSAV
1562,Q*SHIVLF
1563,SSHT*CCL
1564,VVTHSAVY
1565,*SHIVLFI
1566,SHT*CCLY
1567,VTHSAVYI
1568,SHIVLFI*
1569,HT*CCLYS
1570,THSAVYIV
1571,HIVLFI*F
1572,T*CCLYSL
1573,HSAVYIV*
1574,IVLFI*FR
1575,*CCLYSLG
1576,SAVYIV*E
1577,VLFI*FRS
1578,CCLYSLGV
1579,AVYIV*E*
1580,MFI*FRSK
1581,CLYSLGVR
1582,VYIV*E*E
1583,FI*FRSKS
1584,LYSLGVRV
1585,YIV*E*EC
1586,I*FRSKSV
1587,YSLGVRVL
1588,IV*E*ECC
1589,*FRSKSVV
1590,SLGVRVLF
1591,V*E*ECCF
1592,FRSKSVVF
1593,LGVRVLFF
1594,*E*ECCFL
1595,RSKSVVFY
1596,GVRVLFFI
1597,E*ECCFLF
1598,SKSVVFYS
1599,VRVLFFIQ
1600,*ECCFLFR
1601,KSVVFYSD
1602,RVLFFIQI
1603,ECCFLFRL
1604,SVVFYSDW
1605,VLFFIQIG
1606,CCFLFRLG
1607,VVFYSDWE
1608,MFFIQIGK
1609,CFLFRLGN
1610,VFYSDWEI
1611,FFIQIGKS
1612,FLFRLGNP
1613,FYSDWEIH
1614,FIQIGKSI
1615,LFRLGNPF
1616,YSDWEIHS
1617,IQIGKSIP
1618,FRLGNPFH
1619,SDWEIHSI
1620,QIGKSIPF
1621,RLGNPFHF
1622,DWEIHSIL
1623,IGKSIPFC
1624,MGNPFHFV
1625,WEIHSIL*
1626,GKSIPFCE
1627,GNPFHFVN
1628,EIHSIL*I
1629,KSIPFCEL
1630,NPFHFVNC
1631,IHSIL*IV
1632,SIPFCEL*
1633,PFHFVNCD
1634,HSIL*IVT
1635,IPFCEL*Q
1636,FHFVNCDK
1637,SIL*IVTN
1638,PFCEL*QI
1639,HFVNCDK*
1640,IL*IVTNN
1641,FCEL*QIT
1642,FVNCDK*Q
1643,M*IVTNNS
1644,CEL*QITA
1645,VNCDK*QQ
1646,*IVTNNSS
1647,EL*QITAV
1648,NCDK*QQW
1649,IVTNNSSG
1650,M*QITAVE
1651,CDK*QQWK
1652,VTNNSSGK
1653,*QITAVEK
1654,DK*QQWKK
1655,TNNSSGKS
1656,QITAVEKV
1657,K*QQWKKY
1658,NNSSGKSM
1659,ITAVEKVC
1660,*QQWKKYV
1661,NSSGKSMC
1662,TAVEKVCA
1663,QQWKKYVL
1664,SSGKSMCL
1665,AVEKVCA*
1666,QWKKYVLR
1667,SGKSMCLE
1668,VEKVCA*N
1669,WKKYVLRI
1670,GKSMCLEL
1671,EKVCA*NC
1672,KKYVLRIV
1673,KSMCLEL*
1674,KVCA*NCE
1675,KYVLRIVK
1676,SMCLEL*K
1677,VCA*NCER
1678,YVLRIVKE
1679,MCLEL*KN
1680,CA*NCERI
1681,VLRIVKEL
1682,CLEL*KN*
1683,A*NCERIS
1684,LRIVKELA
1685,LEL*KN*Q
1686,*NCERISS
1687,RIVKELAV
1688,EL*KN*Q*
1689,NCERISSK
1690,IVKELAVK
1691,M*KN*Q*N
1692,CERISSKI
1693,VKELAVKY
1694,*KN*Q*NT
1695,ERISSKIH
1696,KELAVKYM
1697,KN*Q*NT*
1698,RISSKIHE
1699,ELAVKYMR
1700,N*Q*NT*D
1701,ISSKIHEI
1702,LAVKYMR*
1703,*Q*NT*DK
1704,SSKIHEIK
1705,AVKYMR*R
1706,Q*NT*DKD
1707,SKIHEIKT
1708,VKYMR*RP
1709,*NT*DKDL
1710,KIHEIKTS
1711,KYMR*RPQ
1712,NT*DKDLK
1713,IHEIKTSR
1714,YMR*RPQE
1715,T*DKDLKK
1716,HEIKTSRS
1717,MR*RPQEV
1718,*DKDLKKL
1719,EIKTSRS*
1720,R*RPQEVK
1721,DKDLKKLK
1722,IKTSRS*K
1723,*RPQEVKR
1724,KDLKKLKD
1725,KTSRS*KI
1726,RPQEVKRY
1727,DLKKLKDT
1728,TSRS*KIL
1729,PQEVKRYL
1730,LKKLKDT*
1731,SRS*KILN
1732,QEVKRYLI
1733,KKLKDT*F
1734,RS*KILNS
1735,EVKRYLIL
1736,KLKDT*FL
1737,S*KILNSC
1738,VKRYLILA
1739,LKDT*FLP
1740,*KILNSCL
1741,KRYLILAL
1742,KDT*FLPY
1743,KILNSCLI
1744,RYLILALY
1745,DT*FLPYT
1746,ILNSCLIP
1747,YLILALYL
1748,T*FLPYTS
1749,LNSCLIPH
1750,LILALYLT
1751,*FLPYTSL
1752,NSCLIPHS
1753,ILALYLTL
1754,FLPYTSLY
1755,SCLIPHSI
1756,LALYLTLF
1757,MPYTSLYS
1758,CLIPHSIL
1759,ALYLTLFC
1760,PYTSLYSV
1761,LIPHSIL*
1762,LYLTLFCK
1763,YTSLYSVN
1764,IPHSIL*I
1765,YLTLFCKF
1766,TSLYSVNL
1767,PHSIL*I*
1768,LTLFCKFE
1769,SLYSVNLK
1770,HSIL*I*K
1771,TLFCKFEK
1772,LYSVNLKK
1773,SIL*I*KK
1774,LFCKFEKK
1775,YSVNLKKK
1776,IL*I*KKS
1777,FCKFEKKA
1778,SVNLKKKH
1779,M*I*KKSM
1780,CKFEKKAW
1781,VNLKKKHG
1782,*I*KKSMD
1783,KFEKKAWI
1784,NLKKKHGY
1785,I*KKSMDT
1786,FEKKAWIP
1787,MKKKHGYL
1788,*KKSMDTW
1789,EKKAWIPG
1790,KKKHGYLD
1791,KKSMDTWI
1792,KKAWIPGY
1793,KKHGYLDI
1794,KSMDTWIS
1795,KAWIPGYP
1796,KHGYLDIL
1797,SMDTWISL
1798,AWIPGYPW
1799,HGYLDILG
1800,MDTWISLA
1801,WIPGYPWL
1802,GYLDILGF
1803,DTWISLAS
1804,IPGYPWLL
1805,YLDILGFF
1806,TWISLASL
1807,PGYPWLL*
1808,MDILGFFE
1809,WISLASLR
1810,GYPWLL*E
1811,DILGFFEN
1812,ISLASLRI
1813,YPWLL*EF
1814,ILGFFENL
1815,SLASLRI*
1816,PWLL*EFK
1817,LGFFENLR
1818,MASLRI*E
1819,WLL*EFKR
1820,GFFENLRE
1821,ASLRI*EK
1822,LL*EFKRN
1823,FFENLREI
1824,SLRI*EKL
1825,L*EFKRN*
1826,FENLREIK
1827,MRI*EKLN
1828,*EFKRN*I
1829,ENLREIKS
1830,RI*EKLNL
1831,EFKRN*I*
1832,NLREIKSE
1833,I*EKLNLN
1834,FKRN*I*I
1835,LREIKSE*
1836,*EKLNLNK
1837,KRN*I*IN
1838,REIKSE*I
1839,EKLNLNK*
1840,REQRDSRP
1841,ENSEILAL
1842,RTARFSP*
1843,EQRDSRPE
1844,NSEILALS
1845,TARFSP*A
1846,QRDSRPEQ
1847,SEILALSN
1848,ARFSP*AT
1849,RDSRPEQR
1850,EILALSNG
1851,RFSP*ATA
1852,DSRPEQRP
1853,ILALSNGL
1854,FSP*ATA*
1855,SRPEQRPD
1856,LALSNGLT
1857,SP*ATA*R
1858,RPEQRPDV
1859,ALSNGLTS
1860,P*ATA*RR
1861,PEQRPDVG
1862,MSNGLTSV
1863,*ATA*RRW
1864,EQRPDVGG
1865,SNGLTSVE
1866,ATA*RRWR
1867,QRPDVGGG
1868,NGLTSVEG
1869,TA*RRWRE
1870,RPDVGGGK
1871,GLTSVEGS
1872,A*RRWREA
1873,PDVGGGKQ
1874,MTSVEGSR
1875,*RRWREAG
1876,DVGGGKQA
1877,TSVEGSRR
1878,RRWREAGA
1879,VGGGKQAQ
1880,SVEGSRRR
1881,RWREAGAG
1882,GGGKQAQA
1883,VEGSRRRL
1884,WREAGAGS
1885,GGKQAQAP
1886,EGSRRRLR
1887,REAGAGSV
1888,GKQAQAP*
1889,GSRRRLRE
1890,EAGAGSVR
1891,KQAQAP*G
1892,SRRRLREE
1893,AGAGSVRR
1894,QAQAP*GG
1895,RRRLREEA
1896,GAGSVRRQ
1897,AQAP*GGK
1898,RRLREEAR
1899,AGSVRRQD
1900,QAP*GGKI
1901,RLREEARS
1902,GSVRRQDL
1903,AP*GGKIS
1904,LREEARSQ
1905,SVRRQDLR
1906,P*GGKISG
1907,REEARSQG
1908,VRRQDLRE
1909,*GGKISGS
1910,EEARSQGV
1911,RRQDLREL
1912,GGKISGS*
1913,EARSQGVE
1914,RQDLRELR
1915,GKISGS*G
1916,ARSQGVED
1917,QDLRELRT
1918,KISGS*GP
1919,RSQGVEDL
1920,DLRELRTF
1921,ISGS*GPF
1922,SQGVEDLF
1923,LRELRTFS
1924,SGS*GPFL
1925,QGVEDLFF
1926,RELRTFSS
1927,GS*GPFLQ
1928,GVEDLFFR
1929,ELRTFSSE
1930,S*GPFLQR
1931,VEDLFFRG
1932,MRTFSSEG
1933,*GPFLQRV
1934,EDLFFRG*
1935,RTFSSEGD
1936,GPFLQRVT
1937,DLFFRG*L
1938,TFSSEGDS
1939,PFLQRVTQ
1940,LFFRG*LR
1941,FSSEGDSG
1942,FLQRVTQV
1943,FFRG*LRS
1944,SSEGDSGQ
1945,LQRVTQVN
1946,FRG*LRST
1947,SEGDSGQH
1948,QRVTQVNT
1949,RG*LRSTQ
1950,EGDSGQHR
1951,RVTQVNTG
1952,G*LRSTQG
1953,GDSGQHRG
1954,VTQVNTGA
1955,*LRSTQGP
1956,DSGQHRGP
1957,TQVNTGAP
1958,LRSTQGPP
1959,SGQHRGPH
1960,QVNTGAPM
1961,RSTQGPPC
1962,GQHRGPHV
1963,VNTGAPM*
1964,STQGPPCS
1965,QHRGPHVV
1966,NTGAPM*S
1967,TQGPPCSR
1968,HRGPHVVD
1969,TGAPM*ST
1970,QGPPCSRQ
1971,RGPHVVDR
1972,GAPM*STD
1973,GPPCSRQT
1974,GPHVVDRH
1975,APM*STDT
1976,PPCSRQTQ
1977,PHVVDRHS
1978,PM*STDTV
1979,PCSRQTQW
1980,HVVDRHSG
1981,M*STDTVV
1982,CSRQTQWS
1983,VVDRHSGP
1984,*STDTVVL
1985,SRQTQWS*
1986,VDRHSGPK
1987,STDTVVLR
1988,RQTQWS*D
1989,DRHSGPKI
1990,TDTVVLRS
1991,QTQWS*DL
1992,RHSGPKIY
1993,DTVVLRST
1994,TQWS*DLP
1995,HSGPKIYQ
1996,TVVLRSTK
1997,QWS*DLPS
1998,SGPKIYQA
1999,VVLRSTKH
2000,WS*DLPSI
2001,GPKIYQAS
2002,VLRSTKHP
2003,S*DLPSIQ
2004,PKIYQASR
2005,LRSTKHPG
2006,*DLPSIQV
2007,KIYQASRF
2008,RSTKHPGS
2009,DLPSIQVL
2010,IYQASRF*
2011,STKHPGSE
2012,LPSIQVLR
2013,YQASRF*G
2014,TKHPGSEE
2015,PSIQVLRR
2016,QASRF*GD
2017,KHPGSEET
2018,SIQVLRRQ
2019,ASRF*GDR
2020,HPGSEETG
2021,IQVLRRQA
2022,SRF*GDRP
2023,PGSEETGP
2024,QVLRRQAP
2025,RF*GDRPR
2026,GSEETGPG
2027,VLRRQAPE
2028,F*GDRPRS
2029,SEETGPGA
2030,MRRQAPEQ
2031,*GDRPRSS
2032,EETGPGAA
2033,RRQAPEQH
2034,GDRPRSST
2035,ETGPGAAL
2036,RQAPEQH*
2037,DRPRSSTS
2038,TGPGAALA
2039,QAPEQH*L
2040,RPRSSTSS
2041,GPGAALAP
2042,APEQH*LL
2043,PRSSTSSC
2044,PGAALAPA
2045,PEQH*LLP
2046,RSSTSSCP
2047,GAALAPAH
2048,EQH*LLPT
2049,SSTSSCPH
2050,AALAPAHT
2051,QH*LLPTL
2052,STSSCPHS
2053,ALAPAHTP
2054,H*LLPTLL
2055,TSSCPHSY
2056,LAPAHTPT
2057,*LLPTLLP
2058,SSCPHSYL
2059,APAHTPTC
2060,LLPTLLPA
2061,SCPHSYLL
2062,PAHTPTCC
2063,MPTLLPAA
2064,CPHSYLLP
2065,AHTPTCCP
2066,PTLLPAAL
2067,PHSYLLP*
2068,HTPTCCPD
2069,TLLPAALT
2070,HSYLLP*P
2071,TPTCCPDQ
2072,LLPAALTR
2073,SYLLP*PE
2074,PTCCPDQS
2075,LPAALTRV
2076,YLLP*PES
2077,TCCPDQSH
2078,PAALTRVI
2079,MLP*PESS
2080,CCPDQSHH
2081,AALTRVIM
2082,MP*PESSC
2083,CPDQSHHA
2084,ALTRVIMP
2085,P*PESSCH
2086,PDQSHHAT
2087,MTRVIMPL
2088,*PESSCHL
2089,DQSHHAT*
2090,TRVIMPLE
2091,PESSCHLS
2092,QSHHAT*A
2093,RVIMPLEQ
2094,ESSCHLSR
2095,SHHAT*AE
2096,VIMPLEQR
2097,SSCHLSRG
2098,HHAT*AEE
2099,IMPLEQRS
2100,SCHLSRGV
2101,HAT*AEES
2102,MPLEQRSQ
2103,CHLSRGVS
2104,AT*AEESA
2105,PLEQRSQH
2106,HLSRGVST
2107,T*AEESAL
2108,LEQRSQHC
2109,MSRGVSTA
2110,*AEESALQ
2111,EQRSQHCK
2112,SRGVSTAS
2113,AEESALQA
2114,QRSQHCKP
2115,RGVSTASL
2116,EESALQA*
2117,RSQHCKPE
2118,GVSTASLR
2119,ESALQA*G
2120,SQHCKPEE
2121,VSTASLRK
2122,SALQA*GR
2123,QHCKPEEG
2124,STASLRKA
2125,ALQA*GRP
2126,HCKPEEGL
2127,TASLRKAL
2128,MQA*GRP*
2129,CKPEEGLE
2130,ASLRKALR
2131,QA*GRP*G
2132,KPEEGLEA
2133,SLRKALRP
2134,A*GRP*GP
2135,PEEGLEAQ
2136,MRKALRPK
2137,*GRP*GPR
2138,EEGLEAQG
2139,RKALRPKE
2140,GRP*GPRR
2141,EGLEAQGE
2142,KALRPKER
2143,RP*GPRRG
2144,GLEAQGEA
2145,ALRPKERP
2146,P*GPRRGP
2147,LEAQGEAL
2148,MRPKERPW
2149,*GPRRGPG
2150,EAQGEALG
2151,RPKERPWA
2152,GPRRGPGL
2153,AQGEALGL
2154,PKERPWAW
2155,PRRGPGLG
2156,QGEALGLV
2157,KERPWAWW
2158,RRGPGLGG
2159,GEALGLVG
2160,ERPWAWWV
2161,RGPGLGGC
2162,EALGLVGA
2163,RPWAWWVR
2164,GPGLGGCA
2165,ALGLVGAQ
2166,PWAWWVRR
2167,PGLGGCAG
2168,MGLVGAQA
2169,WAWWVRRL
2170,GLGGCAGS
2171,GLVGAQAP
2172,AWWVRRLL
2173,LGGCAGSC
2174,MVGAQAPA
2175,WWVRRLLL
2176,GGCAGSCY
2177,VGAQAPAT
2178,WVRRLLLL
2179,GCAGSCY*
2180,GAQAPATE
2181,VRRLLLLR
2182,CAGSCY*G
2183,AQAPATEE
2184,RRLLLLRS
2185,AGSCY*GA
2186,QAPATEEQ
2187,RLLLLRSR
2188,GSCY*GAG
2189,APATEEQE
2190,LLLLRSRR
2191,SCY*GAGD
2192,PATEEQET
2193,MLLRSRRL
2194,CY*GAGDC
2195,ATEEQETA
2196,LLRSRRLP
2197,Y*GAGDCL
2198,TEEQETAS
2199,MRSRRLPP
2200,*GAGDCLL
2201,EEQETASS
2202,RSRRLPPP
2203,GAGDCLLL
2204,EQETASSS
2205,SRRLPPPP
2206,AGDCLLLL
2207,QETASSSS
2208,RRLPPPPL
2209,GDCLLLLY
2210,ETASSSST
2211,RLPPPPLL
2212,DCLLLLYS
2213,TASSSSTL
2214,MPPPPLL*
2215,CLLLLYSS
2216,ASSSSTLV
2217,PPPPLL*W
2218,LLLLYSSG
2219,SSSSTLVE
2220,PPPLL*WK
2221,LLLYSSGS
2222,SSSTLVEV
2223,PPLL*WKS
2224,LLYSSGSH
2225,SSTLVEVT
2226,PLL*WKSP
2227,LYSSGSHP
2228,STLVEVTL
2229,LL*WKSPC
2230,YSSGSHPA
2231,TLVEVTLR
2232,L*WKSPCG
2233,SSGSHPAG
2234,LVEVTLRE
2235,*WKSPCGR
2236,SGSHPAGG
2237,VEVTLREV
2238,WKSPCGRC
2239,GSHPAGGA
2240,EVTLREVP
2241,KSPCGRCL
2242,SHPAGGAC
2243,VTLREVPA
2244,SPCGRCLL
2245,HPAGGACC
2246,TLREVPAA
2247,PCGRCLLP
2248,PAGGACCR
2249,MREVPAAE
2250,CGRCLLPS
2251,AGGACCRV
2252,REVPAAES
2253,GRCLLPSH
2254,GGACCRVT
2255,EVPAAESP
2256,RCLLPSHQ
2257,GACCRVTK
2258,VPAAESPS
2259,CLLPSHQV
2260,ACCRVTKS
2261,PAAESPSP
2262,MLPSHQVL
2263,CCRVTKSS
2264,AAESPSPP
2265,MPSHQVLP
2266,CRVTKSSP
2267,AESPSPPH
2268,PSHQVLPT
2269,RVTKSSPQ
2270,ESPSPPHS
2271,SHQVLPTV
2272,VTKSSPQS
2273,SPSPPHSP
2274,HQVLPTVL
2275,TKSSPQSS
2276,PSPPHSPQ
2277,QVLPTVLR
2278,KSSPQSSG
2279,SPPHSPQG
2280,VLPTVLRE
2281,SSPQSSGS
2282,PPHSPQGA
2283,LPTVLREP
2284,SPQSSGSL
2285,PHSPQGAS
2286,PTVLREPP
2287,PQSSGSLH
2288,HSPQGAST
2289,TVLREPPP
2290,QSSGSLHP
2291,SPQGASTL
2292,VLREPPPS
2293,SSGSLHPP
2294,PQGASTLP
2295,LREPPPSP
2296,SGSLHPPH
2297,QGASTLPT
2298,REPPPSPL
2299,GSLHPPHY
2300,GASTLPTT
2301,EPPPSPLP
2302,SLHPPHYH
2303,ASTLPTTI
2304,PPPSPLPS
2305,LHPPHYHQ
2306,STLPTTIN
2307,PPSPLPST
2308,HPPHYHQL
2309,TLPTTINY
2310,PSPLPSTI
2311,PPHYHQLY
2312,LPTTINYT
2313,SPLPSTIL
2314,PHYHQLYS
2315,PTTINYTL
2316,PLPSTILS
2317,HYHQLYSL
2318,TTINYTLW
2319,LPSTILSG
2320,YHQLYSLE
2321,TINYTLWS
2322,PSTILSGV
2323,HQLYSLES
2324,INYTLWSQ
2325,STILSGVN
2326,QLYSLESI
2327,NYTLWSQS
2328,TILSGVNP
2329,LYSLESIR
2330,YTLWSQSD
2331,ILSGVNPM
2332,YSLESIR*
2333,TLWSQSDE
2334,LSGVNPMR
2335,SLESIR*G
2336,LWSQSDEG
2337,SGVNPMRA
2338,MESIR*GL
2339,WSQSDEGS
2340,GVNPMRAP
2341,ESIR*GLQ
2342,SQSDEGSS
2343,VNPMRAPA
2344,SIR*GLQQ
2345,QSDEGSSN
2346,NPMRAPAT
2347,IR*GLQQR
2348,SDEGSSNE
2349,PMRAPATK
2350,R*GLQQRR
2351,DEGSSNEE
2352,MRAPATKN
2353,*GLQQRRT
2354,EGSSNEEQ
2355,RAPATKNR
2356,GLQQRRTG
2357,GSSNEEQE
2358,APATKNRK
2359,LQQRRTGR
2360,SSNEEQEG
2361,PATKNRKG
2362,QQRRTGRA
2363,SNEEQEGP
2364,ATKNRKGQ
2365,QRRTGRAK
2366,NEEQEGPS
2367,TKNRKGQA
2368,RRTGRAKH
2369,EEQEGPST
2370,KNRKGQAP
2371,RTGRAKHL
2372,EQEGPSTF
2373,NRKGQAPF
2374,TGRAKHLS
2375,QEGPSTFP
2376,RKGQAPFL
2377,GRAKHLS*
2378,EGPSTFPD
2379,KGQAPFLT
2380,RAKHLS*P
2381,GPSTFPDL
2382,GQAPFLTW
2383,AKHLS*PG
2384,PSTFPDLE
2385,QAPFLTWR
2386,KHLS*PGD
2387,STFPDLET
2388,APFLTWRR
2389,HLS*PGDE
2390,TFPDLETS
2391,PFLTWRRA
2392,LS*PGDEL
2393,FPDLETSF
2394,FLTWRRAS
2395,S*PGDELP
2396,PDLETSFQ
2397,MTWRRASK
2398,*PGDELPS
2399,DLETSFQV
2400,TWRRASK*
2401,PGDELPSS
2402,METSFQVA
2403,WRRASK*H
2404,GDELPSST
2405,ETSFQVAL
2406,RRASK*HS
2407,DELPSSTQ
2408,TSFQVALS
2409,RASK*HSV
2410,ELPSSTQ*
2411,SFQVALSR
2412,ASK*HSVG
2413,LPSSTQ*E
2414,FQVALSRK
2415,SK*HSVGR
2416,PSSTQ*ED
2417,QVALSRKM
2418,K*HSVGRW
2419,SSTQ*EDG
2420,VALSRKMA
2421,*HSVGRWL
2422,STQ*EDG*
2423,ALSRKMAE
2424,HSVGRWLS
2425,TQ*EDG*V
2426,LSRKMAEL
2427,SVGRWLSW
2428,Q*EDG*VG
2429,SRKMAELV
2430,VGRWLSWF
2431,*EDG*VGS
2432,RKMAELVH
2433,GRWLSWFI
2434,EDG*VGSF
2435,KMAELVHF
2436,RWLSWFIF
2437,DG*VGSFS
2438,MAELVHFL
2439,WLSWFIFC
2440,G*VGSFSA
2441,AELVHFLL
2442,MSWFIFCS
2443,*VGSFSAP
2444,ELVHFLLL
2445,SWFIFCSS
2446,VGSFSAPQ
2447,MVHFLLLK
2448,WFIFCSSS
2449,GSFSAPQV
2450,VHFLLLKY
2451,FIFCSSSI
2452,SFSAPQVS
2453,HFLLLKYR
2454,IFCSSSIE
2455,FSAPQVSS
2456,FLLLKYRA
2457,FCSSSIEP
2458,SAPQVSSQ
2459,MLLKYRAR
2460,CSSSIEPG
2461,APQVSSQG
2462,LLKYRARE
2463,SSSIEPGS
2464,PQVSSQGA
2465,LKYRAREP
2466,SSIEPGSH
2467,QVSSQGAI
2468,KYRAREPF
2469,SIEPGSHS
2470,VSSQGAIH
2471,YRAREPFT
2472,IEPGSHSQ
2473,SSQGAIHK
2474,RAREPFTK
2475,EPGSHSQR
2476,SQGAIHKG
2477,AREPFTKA
2478,PGSHSQRQ
2479,QGAIHKGR
2480,REPFTKAE
2481,GSHSQRQK
2482,GAIHKGRN
2483,EPFTKAEM
2484,SHSQRQKC
2485,AIHKGRNA
2486,PFTKAEML
2487,HSQRQKCW
2488,IHKGRNAG
2489,FTKAEMLG
2490,SQRQKCWG
2491,HKGRNAGE
2492,TKAEMLGS
2493,QRQKCWGV
2494,KGRNAGEC
2495,KAEMLGSV
2496,RQKCWGVS
2497,GRNAGECH
2498,AEMLGSVI
2499,QKCWGVSS
2500,RNAGECHQ
2501,EMLGSVIR
2502,KCWGVSSE
2503,NAGECHQK
2504,MLGSVIRN
2505,CWGVSSEI
2506,AGECHQKF
2507,MGSVIRNF
2508,WGVSSEIS
2509,GECHQKFP
2510,GSVIRNFQ
2511,GVSSEISR
2512,ECHQKFPG
2513,SVIRNFQD
2514,VSSEISRT
2515,CHQKFPGL
2516,VIRNFQDF
2517,SSEISRTS
2518,HQKFPGLL
2519,IRNFQDFF
2520,SEISRTSF
2521,QKFPGLLS
2522,RNFQDFFP
2523,EISRTSFL
2524,KFPGLLSC
2525,NFQDFFPV
2526,ISRTSFL*
2527,FPGLLSCD
2528,FQDFFPVI
2529,SRTSFL*S
2530,PGLLSCDL
2531,QDFFPVIF
2532,RTSFL*SS
2533,GLLSCDLQ
2534,DFFPVIFS
2535,TSFL*SSA
2536,LLSCDLQQ
2537,FFPVIFSK
2538,SFL*SSAK
2539,LSCDLQQS
2540,FPVIFSKA
2541,FL*SSAKP
2542,SCDLQQSL
2543,PVIFSKAS
2544,M*SSAKPP
2545,CDLQQSLR
2546,VIFSKASE
2547,*SSAKPPS
2548,DLQQSLRV
2549,IFSKASEY
2550,SSAKPPST
2551,LQQSLRVL
2552,FSKASEYL
2553,SAKPPSTC
2554,QQSLRVLA
2555,SKASEYLQ
2556,AKPPSTCS
2557,QSLRVLAA
2558,KASEYLQL
2559,KPPSTCSW
2560,SLRVLAAG
2561,ASEYLQLV
2562,PPSTCSWS
2563,LRVLAAGL
2564,SEYLQLVF
2565,PSTCSWSL
2566,RVLAAGLW
2567,EYLQLVFG
2568,STCSWSLA
2569,VLAAGLWH
2570,YLQLVFGI
2571,TCSWSLAS
2572,LAAGLWHR
2573,MQLVFGIE
2574,CSWSLASR
2575,AAGLWHRG
2576,QLVFGIEV
2577,SWSLASRW
2578,AGLWHRGG
2579,MVFGIEVV
2580,WSLASRWW
2581,GLWHRGGG
2582,VFGIEVVE
2583,SLASRWWK
2584,LWHRGGGS
2585,FGIEVVEV
2586,MASRWWKW
2587,WHRGGGSG
2588,GIEVVEVV
2589,ASRWWKWS
2590,HRGGGSGP
2591,IEVVEVVR
2592,SRWWKWSA
2593,RGGGSGPH
2594,EVVEVVRI
2595,RWWKWSAS
2596,GGGSGPHR
2597,VVEVVRIG
2598,WWKWSASA
2599,GGSGPHRP
2600,VEVVRIGH
2601,WKWSASAT
2602,GSGPHRPL
2603,EVVRIGHL
2604,KWSASATC
2605,SGPHRPLV
2606,VVRIGHLY
2607,WSASATCT
2608,GPHRPLVH
2609,VRIGHLYI
2610,SASATCTS
2611,PHRPLVHP
2612,RIGHLYIL
2613,ASATCTSL
2614,HRPLVHPC
2615,IGHLYILV
2616,SATCTSLS
2617,RPLVHPCH
2618,GHLYILVT
2619,ATCTSLSP
2620,PLVHPCHL
2621,HLYILVTC
2622,TCTSLSPA
2623,LVHPCHLP
2624,MYILVTCL
2625,CTSLSPAW
2626,VHPCHLPG
2627,YILVTCLG
2628,TSLSPAWA
2629,HPCHLPGP
2630,ILVTCLGL
2631,SLSPAWAS
2632,PCHLPGPL
2633,LVTCLGLS
2634,MSPAWASP
2635,CHLPGPLL
2636,VTCLGLSY
2637,SPAWASPT
2638,HLPGPLLR
2639,TCLGLSYD
2640,PAWASPTM
2641,MPGPLLRW
2642,CLGLSYDG
2643,AWASPTMA
2644,PGPLLRWP
2645,MGLSYDGL
2646,WASPTMAC
2647,GPLLRWPA
2648,GLSYDGLL
2649,ASPTMACW
2650,PLLRWPAG
2651,LSYDGLLG
2652,SPTMACWA
2653,LLRWPAGR
2654,SYDGLLGD
2655,PTMACWAT
2656,LRWPAGRQ
2657,YDGLLGDN
2658,TMACWATI
2659,RWPAGRQS
2660,DGLLGDNQ
2661,MACWATIR
2662,WPAGRQSD
2663,GLLGDNQI
2664,ACWATIRS
2665,PAGRQSDR
2666,MLGDNQIV
2667,CWATIRSC
2668,AGRQSDRA
2669,MGDNQIVP
2670,WATIRSCP
2671,GRQSDRAQ
2672,GDNQIVPK
2673,ATIRSCPR
2674,RQSDRAQD
2675,DNQIVPKT
2676,TIRSCPRQ
2677,QSDRAQDR
2678,NQIVPKTG
2679,IRSCPRQA
2680,SDRAQDRP
2681,QIVPKTGL
2682,RSCPRQAS
2683,DRAQDRPP
2684,IVPKTGLL
2685,SCPRQAS*
2686,RAQDRPPD
2687,VPKTGLLI
2688,CPRQAS**
2689,AQDRPPDN
2690,PKTGLLII
2691,PRQAS**S
2692,QDRPPDNR
2693,KTGLLIIV
2694,RQAS**SS
2695,DRPPDNRP
2696,TGLLIIVL
2697,QAS**SSW
2698,RPPDNRPG
2699,GLLIIVLA
2700,AS**SSWP
2701,PPDNRPGH
2702,LLIIVLAI
2703,S**SSWP*
2704,PDNRPGHN
2705,MIIVLAII
2706,**SSWP*S
2707,DNRPGHNR
2708,IIVLAIIA
2709,*SSWP*SQ
2710,NRPGHNRK
2711,IVLAIIAK
2712,SSWP*SQK
2713,RPGHNRKR
2714,VLAIIAKE
2715,SWP*SQKR
2716,PGHNRKRG
2717,MAIIAKEG
2718,WP*SQKRA
2719,GHNRKRGR
2720,AIIAKEGD
2721,P*SQKRAT
2722,HNRKRGRL
2723,IIAKEGDC
2724,*SQKRATV
2725,NRKRGRLC
2726,IAKEGDCA
2727,SQKRATVP
2728,RKRGRLCP
2729,AKEGDCAP
2730,QKRATVPL
2731,KRGRLCP*
2732,KEGDCAPE
2733,KRATVPLR
2734,RGRLCP*G
2735,EGDCAPEE
2736,RATVPLRR
2737,GRLCP*GE
2738,GDCAPEEK
2739,ATVPLRRK
2740,RLCP*GEN
2741,DCAPEEKI
2742,TVPLRRKS
2743,MCP*GENL
2744,CAPEEKIW
2745,VPLRRKSG
2746,CP*GENLG
2747,APEEKIWE
2748,PLRRKSGR
2749,P*GENLGG
2750,PEEKIWEE
2751,MRRKSGRS
2752,*GENLGGA
2753,EEKIWEEL
2754,RRKSGRS*
2755,GENLGGAE
2756,EKIWEELS
2757,RKSGRS*V
2758,ENLGGAEC
2759,KIWEELSV
2760,KSGRS*VC
2761,NLGGAECV
2762,IWEELSVL
2763,SGRS*VCW
2764,MGGAECVG
2765,WEELSVLE
2766,GRS*VCWR
2767,GGAECVGG
2768,EELSVLEA
2769,RS*VCWRH
2770,GAECVGGI
2771,ELSVLEAS
2772,S*VCWRHL
2773,AECVGGI*
2774,MSVLEASD
2775,*VCWRHLM
2776,ECVGGI*W
2777,SVLEASDG
2778,VCWRHLMG
2779,CVGGI*WE
2780,VLEASDGR
2781,CWRHLMGG
2782,VGGI*WEG
2783,MEASDGRE
2784,WRHLMGGR
2785,GGI*WEGG
2786,EASDGRED
2787,RHLMGGRT
2788,GI*WEGGQ
2789,ASDGREDS
2790,HLMGGRTV
2791,I*WEGGQC
2792,SDGREDSV
2793,MMGGRTVS
2794,*WEGGQCL
2795,DGREDSVF
2796,MGGRTVSL
2797,WEGGQCLC
2798,GREDSVFA
2799,GGRTVSLR
2800,EGGQCLCA
2801,REDSVFAH
2802,GRTVSLRI
2803,GGQCLCAS
2804,EDSVFAHP
2805,RTVSLRIP
2806,GQCLCASQ
2807,DSVFAHPR
2808,TVSLRIPG
2809,QCLCASQE
2810,SVFAHPRK
2811,VSLRIPGS
2812,CLCASQEA
2813,VFAHPRKL
2814,SLRIPGSC
2815,LCASQEAA
2816,FAHPRKLL
2817,MRIPGSCS
2818,CASQEAAH
2819,AHPRKLLT
2820,RIPGSCSP
2821,ASQEAAHP
2822,HPRKLLTQ
2823,IPGSCSPK
2824,SQEAAHPR
2825,PRKLLTQD
2826,PGSCSPKI
2827,QEAAHPRF
2828,RKLLTQDL
2829,GSCSPKIW
2830,EAAHPRFG
2831,KLLTQDLV
2832,SCSPKIWC
2833,AAHPRFGA
2834,MLTQDLVQ
2835,CSPKIWCR
2836,AHPRFGAG
2837,LTQDLVQE
2838,SPKIWCRK
2839,HPRFGAGK
2840,TQDLVQEN
2841,PKIWCRKT
2842,PRFGAGKL
2843,QDLVQENY
2844,KIWCRKTT
2845,RFGAGKLP
2846,DLVQENYL
2847,IWCRKTTW
2848,FGAGKLPG
2849,MVQENYLE
2850,WCRKTTWS
2851,GAGKLPGV
2852,VQENYLEY
2853,CRKTTWST
2854,AGKLPGVP
2855,QENYLEYR
2856,RKTTWSTG
2857,GKLPGVPA
2858,ENYLEYRQ
2859,KTTWSTGR
2860,KLPGVPAG
2861,NYLEYRQV
2862,TTWSTGRS
2863,LPGVPAGP
2864,YLEYRQVP
2865,TWSTGRSP
2866,PGVPAGPR
2867,MEYRQVPG
2868,WSTGRSPA
2869,GVPAGPRQ
2870,EYRQVPGS
2871,STGRSPAV
2872,VPAGPRQ*
2873,YRQVPGSD
2874,TGRSPAVI
2875,PAGPRQ*S
2876,RQVPGSDP
2877,GRSPAVIL
2878,AGPRQ*SC
2879,QVPGSDPA
2880,RSPAVILH
2881,GPRQ*SCM
2882,VPGSDPAC
2883,SPAVILHA
2884,PRQ*SCML
2885,PGSDPACY
2886,PAVILHAT
2887,RQ*SCMLR
2888,GSDPACYE
2889,AVILHATS
2890,Q*SCMLRV
2891,SDPACYEF
2892,VILHATSS
2893,*SCMLRVP
2894,DPACYEFL
2895,ILHATSSC
2896,SCMLRVPV
2897,PACYEFLW
2898,MHATSSCG
2899,CMLRVPVG
2900,ACYEFLWG
2901,HATSSCGV
2902,MLRVPVGS
2903,CYEFLWGP
2904,ATSSCGVQ
2905,LRVPVGSK
2906,YEFLWGPR
2907,TSSCGVQG
2908,RVPVGSKG
2909,EFLWGPRA
2910,SSCGVQGP
2911,VPVGSKGP
2912,FLWGPRAL
2913,SCGVQGPS
2914,PVGSKGPR
2915,MWGPRALV
2916,CGVQGPSL
2917,VGSKGPR*
2918,WGPRALVE
2919,GVQGPSLK
2920,GSKGPR*N
2921,GPRALVET
2922,VQGPSLKP
2923,SKGPR*NQ
2924,PRALVETS
2925,QGPSLKPA
2926,KGPR*NQL
2927,RALVETSY
2928,GPSLKPAM
2929,GPR*NQLC
2930,ALVETSYV
2931,PSLKPAM*
2932,PR*NQLCE
2933,LVETSYVK
2934,SLKPAM*K
2935,R*NQLCES
2936,VETSYVKV
2937,MKPAM*KS
2938,*NQLCESP
2939,ETSYVKVL
2940,KPAM*KSC
2941,NQLCESPA
2942,TSYVKVLH
2943,PAM*KSCT
2944,QLCESPAP
2945,SYVKVLHH
2946,AM*KSCTI
2947,LCESPAPF
2948,YVKVLHHL
2949,M*KSCTIC
2950,CESPAPFA
2951,VKVLHHLL
2952,*KSCTIC*
2953,ESPAPFAK
2954,KVLHHLLK
2955,KSCTIC*R
2956,SPAPFAKD
2957,VLHHLLKI
2958,SCTIC*RS
2959,PAPFAKDQ
2960,MHHLLKIS
2961,CTIC*RSV
2962,APFAKDQW
2963,HHLLKISG
2964,TIC*RSVE
2965,PFAKDQWR
2966,HLLKISGG
2967,IC*RSVED
2968,FAKDQWRT
2969,MLKISGGP
2970,C*RSVEDL
2971,AKDQWRTS
2972,LKISGGPH
2973,*RSVEDLT
2974,KDQWRTSH
2975,KISGGPHI
2976,RSVEDLTF
2977,DQWRTSHF
2978,ISGGPHIS
2979,SVEDLTFP
2980,QWRTSHFL
2981,SGGPHISY
2982,VEDLTFPT
2983,WRTSHFLP
2984,GGPHISYP
2985,EDLTFPTH
2986,RTSHFLPT
2987,GPHISYPP
2988,DLTFPTHP
2989,TSHFLPTP
2990,PHISYPPL
2991,LTFPTHPC
2992,SHFLPTPA
2993,HISYPPLH
2994,TFPTHPCM
2995,HFLPTPA*
2996,ISYPPLHE
2997,FPTHPCMN
2998,FLPTPA*M
2999,SYPPLHEW
3000,PTHPCMNG
3001,LPTPA*MG
3002,YPPLHEWA
3003,THPCMNGL
3004,PTPA*MGF
3005,PPLHEWAF
3006,HPCMNGLL
3007,TPA*MGF*
3008,PLHEWAFR
3009,PCMNGLLE
3010,PA*MGF*R
3011,MHEWAFRE
3012,CMNGLLER
3013,A*MGF*RG
3014,HEWAFREG
3015,MNGLLERG
3016,*MGF*RGG
3017,EWAFREGE
3018,NGLLERGK
3019,MGF*RGGR
3020,WAFREGEE
3021,GLLERGKS
3022,GF*RGGRV
3023,AFREGEE*
3024,LLERGKSE
3025,F*RGGRVS
3026,FREGEE*V
3027,LERGKSES
3028,*RGGRVSL
3029,REGEE*V*
3030,ERGKSESE
3031,RGGRVSLS
3032,EGEE*V*A
3033,RGKSESEH
3034,GGRVSLST
3035,GEE*V*AR
3036,GKSESEHE
3037,GRVSLSTS
3038,EE*V*ARV
3039,KSESEHEL
3040,RVSLSTSC
3041,E*V*ARVA
3042,SESEHELQ
3043,VSLSTSCS
3044,*V*ARVAA
3045,ESEHELQP
3046,SLSTSCSQ
3047,V*ARVAAR
3048,SEHELQPG
3049,MSTSCSQG
3050,*ARVAARA
3051,EHELQPGP
3052,STSCSQGQ
3053,ARVAARAS
3054,HELQPGPV
3055,TSCSQGQW
3056,RVAARASG
3057,ELQPGPVG
3058,SCSQGQWE
3059,VAARASGR
3060,MQPGPVGG
3061,CSQGQWEG
3062,AARASGRG
3063,QPGPVGGG
3064,SQGQWEGV
3065,ARASGRGS
3066,PGPVGGGL
3067,QGQWEGVW
3068,RASGRGSG
3069,GPVGGGLG
3070,GQWEGVWA
3071,ASGRGSGP
3072,PVGGGLGQ
3073,QWEGVWAS
3074,SGRGSGPV
3075,VGGGLGQC
3076,WEGVWASA
3077,GRGSGPVH
3078,GGGLGQCT
3079,EGVWASAP
3080,RGSGPVHL
3081,GGLGQCTF
3082,GVWASAPS
3083,GSGPVHLP
3084,GLGQCTFQ
3085,VWASAPSK
3086,SGPVHLPR
3087,MGQCTFQG
3088,WASAPSKA
3089,GPVHLPRP
3090,GQCTFQGP
3091,ASAPSKAP
3092,PVHLPRPH
3093,QCTFQGPI
3094,SAPSKAPS
3095,VHLPRPHP
3096,CTFQGPIH
3097,APSKAPSI
3098,HLPRPHPL
3099,TFQGPIH*
3100,PSKAPSIS
3101,LPRPHPLV
3102,FQGPIH*F
3103,SKAPSISF
3104,PRPHPLVS
3105,QGPIH*FP
3106,KAPSISFH
3107,RPHPLVST
3108,GPIH*FPL
3109,APSISFHC
3110,PHPLVSTA
3111,PIH*FPLP
3112,PSISFHCL
3113,HPLVSTAS
3114,IH*FPLPR
3115,SISFHCLV
3116,PLVSTASC
3117,H*FPLPRV
3118,ISFHCLV*
3119,LVSTASCD
3120,*FPLPRVT
3121,SFHCLV*H
3122,VSTASCDM
3123,FPLPRVT*
3124,FHCLV*HE
3125,STASCDMR
3126,PLPRVT*G
3127,HCLV*HEA
3128,TASCDMRP
3129,MPRVT*GP
3130,CLV*HEAH
3131,ASCDMRPI
3132,PRVT*GPF
3133,LV*HEAHS
3134,SCDMRPIL
3135,RVT*GPFF
3136,V*HEAHSS
3137,CDMRPILH
3138,VT*GPFFT
3139,*HEAHSSL
3140,DMRPILHS
3141,T*GPFFTL
3142,HEAHSSLF
3143,MRPILHSL
3144,*GPFFTL*
3145,EAHSSLFE
3146,RPILHSLK
3147,GPFFTL*R
3148,AHSSLFEE
3149,PILHSLKR
3150,PFFTL*RE
3151,HSSLFEES
3152,ILHSLKRA
3153,FFTL*REQ
3154,SSLFEESS
3155,LHSLKRAV
3156,FTL*REQS
3157,SLFEESSQ
3158,HSLKRAVS
3159,TL*REQSV
3160,LFEESSQY
3161,SLKRAVSI
3162,L*REQSVL
3163,FEESSQYC
3164,MKRAVSIV
3165,*REQSVLL
3166,EESSQYC*
3167,KRAVSIVS
3168,REQSVLLV
3169,ESSQYC**
3170,RAVSIVSS
3171,EQSVLLVV
3172,SSQYC***
3173,AVSIVSSE
3174,QSVLLVVS
3175,SQYC***V
3176,VSIVSSEF
3177,SVLLVVSF
3178,QYC***VS
3179,SIVSSEFL
3180,VLLVVSFC
3181,YC***VSV
3182,IVSSEFLF
3183,MLVVSFCS
3184,C***VSVL
3185,VSSEFLFY
3186,LVVSFCSI
3187,***VSVLL
3188,SSEFLFYW
3189,VVSFCSIG
3190,**VSVLLD
3191,SEFLFYWM
3192,VSFCSIG*
3193,*VSVLLDD
3194,EFLFYWMT
3195,SFCSIG*L
3196,VSVLLDDF
3197,FLFYWMTL
3198,FCSIG*L*
3199,SVLLDDFE
3200,MFYWMTLR
3201,CSIG*L*D
3202,VLLDDFEI
3203,FYWMTLRF
3204,SIG*L*DL
3205,LLDDFEIY
3206,YWMTLRFI
3207,IG*L*DLS
3208,MDDFEIYL
3209,WMTLRFIF
3210,G*L*DLSL
3211,DDFEIYLC
3212,MTLRFIFV
3213,*L*DLSLF
3214,DFEIYLCF
3215,TLRFIFVS
3216,L*DLSLFP
3217,FEIYLCFL
3218,MRFIFVSC
3219,*DLSLFPV
3220,EIYLCFLL
3221,RFIFVSCW
3222,DLSLFPVG
3223,IYLCFLLE
3224,FIFVSCWN
3225,LSLFPVGI
3226,YLCFLLEL
3227,IFVSCWNC
3228,SLFPVGIV
3229,LCFLLELF
3230,FVSCWNCS
3231,MFPVGIVQ
3232,CFLLELFK
3233,VSCWNCSN
3234,FPVGIVQM
3235,FLLELFKC
3236,SCWNCSNV
3237,PVGIVQMF
3238,MLELFKCS
3239,CWNCSNVP
3240,VGIVQMFL
3241,MELFKCSF
3242,WNCSNVPF
3243,GIVQMFLL
3244,ELFKCSF*
3245,NCSNVPFN
3246,IVQMFLLT
3247,MFKCSF*R
3248,CSNVPFNG
3249,VQMFLLTD
3250,FKCSF*RM
3251,SNVPFNGW
3252,QMFLLTDG
3253,KCSF*RMV
3254,NVPFNGWL
3255,MFLLTDG*
3256,CSF*RMVE
3257,VPFNGWLN
3258,FLLTDG*M
3259,SF*RMVE*
3260,PFNGWLNE
3261,LLTDG*MN
3262,F*RMVE*T
3263,FNGWLNEL
3264,LTDG*MNF
3265,*RMVE*TS
3266,NGWLNELQ
3267,TDG*MNFS
3268,RMVE*TSA
3269,GWLNELQH
3270,DG*MNFSI
3271,MVE*TSAS
3272,WLNELQHP
3273,G*MNFSIQ
3274,VE*TSASK
3275,MNELQHPS
3276,*MNFSIQV
3277,E*TSASKF
3278,NELQHPSL
3279,MNFSIQVY
3280,*TSASKFM
3281,ELQHPSL*
3282,NFSIQVYE
3283,TSASKFMN
3284,LQHPSL*M
3285,FSIQVYE*
3286,SASKFMND
3287,QHPSL*MT
3288,SIQVYE*Q
3289,ASKFMNDS
3290,HPSL*MTV
3291,IQVYE*Q*
3292,SKFMNDSS
3293,PSL*MTVV
3294,QVYE*Q*S
3295,KFMNDSSH
3296,SL*MTVVT
3297,VYE*Q*SH
3298,FMNDSSHT
3299,L*MTVVTH
3300,YE*Q*SHI
3301,MNDSSHT*
3302,*MTVVTHS
3303,E*Q*SHIV
3304,NDSSHT*C
3305,MTVVTHSA
3306,*Q*SHIVL
3307,DSSHT*CC
3308,TVVTHSAV
3309,Q*SHIVLF
3310,SSHT*CCL
3311,VVTHSAVY
3312,*SHIVLFI
3313,SHT*CCLY
3314,VTHSAVYI
3315,SHIVLFI*
3316,HT*CCLYS
3317,THSAVYIV
3318,HIVLFI*F
3319,T*CCLYSL
3320,HSAVYIV*
3321,IVLFI*FR
3322,*CCLYSLG
3323,SAVYIV*E
3324,VLFI*FRS
3325,CCLYSLGV
3326,AVYIV*E*
3327,MFI*FRSK
3328,CLYSLGVR
3329,VYIV*E*E
3330,FI*FRSKS
3331,LYSLGVRV
3332,YIV*E*EC
3333,I*FRSKSV
3334,YSLGVRVL
3335,IV*E*ECC
3336,*FRSKSVV
3337,SLGVRVLF
3338,V*E*ECCF
3339,FRSKSVVF
3340,LGVRVLFF
3341,*E*ECCFL
3342,RSKSVVFY
3343,GVRVLFFI
3344,E*ECCFLF
3345,SKSVVFYS
3346,VRVLFFIQ
3347,*ECCFLFR
3348,KSVVFYSD
3349,RVLFFIQI
3350,ECCFLFRL
3351,SVVFYSDW
3352,VLFFIQIG
3353,CCFLFRLG
3354,VVFYSDWE
3355,MFFIQIGK
3356,CFLFRLGN
3357,VFYSDWEI
3358,FFIQIGKS
3359,FLFRLGNP
3360,FYSDWEIH
3361,FIQIGKSI
3362,LFRLGNPF
3363,YSDWEIHS
3364,IQIGKSIP
3365,FRLGNPFH
3366,SDWEIHSI
3367,QIGKSIPF
3368,RLGNPFHF
3369,DWEIHSIL
3370,IGKSIPFC
3371,MGNPFHFV
3372,WEIHSIL*
3373,GKSIPFCE
3374,GNPFHFVN
3375,EIHSIL*I
3376,KSIPFCEL
3377,NPFHFVNC
3378,IHSIL*IV
3379,SIPFCEL*
3380,PFHFVNCD
3381,HSIL*IVT
3382,IPFCEL*Q
3383,FHFVNCDK
3384,SIL*IVTN
3385,PFCEL*QI
3386,HFVNCDK*
3387,IL*IVTNN
3388,FCEL*QIT
3389,FVNCDK*Q
3390,M*IVTNNS
3391,CEL*QITA
3392,VNCDK*QQ
3393,*IVTNNSS
3394,EL*QITAV
3395,NCDK*QQW
3396,IVTNNSSG
3397,M*QITAVE
3398,CDK*QQWK
3399,VTNNSSGK
3400,*QITAVEK
3401,DK*QQWKK
3402,TNNSSGKS
3403,QITAVEKV
3404,K*QQWKKY
3405,NNSSGKSM
3406,ITAVEKVC
3407,*QQWKKYV
3408,NSSGKSMC
3409,TAVEKVCA
3410,QQWKKYVL
3411,SSGKSMCL
3412,AVEKVCA*
3413,QWKKYVLR
3414,SGKSMCLE
3415,VEKVCA*N
3416,WKKYVLRI
3417,GKSMCLEL
3418,EKVCA*NC
3419,KKYVLRIV
3420,KSMCLEL*
3421,KVCA*NCE
3422,KYVLRIVK
3423,SMCLEL*K
3424,VCA*NCER
3425,YVLRIVKE
3426,MCLEL*KN
3427,CA*NCERI
3428,VLRIVKEL
3429,CLEL*KN*
3430,A*NCERIS
3431,LRIVKELA
3432,LEL*KN*Q
3433,*NCERISS
3434,RIVKELAV
3435,EL*KN*Q*
3436,NCERISSK
3437,IVKELAVK
3438,M*KN*Q*N
3439,CERISSKI
3440,VKELAVKY
3441,*KN*Q*NT
3442,ERISSKIH
3443,KELAVKYM
3444,KN*Q*NT*
3445,RISSKIHE
3446,ELAVKYMR
3447,N*Q*NT*D
3448,ISSKIHEI
3449,LAVKYMR*
3450,*Q*NT*DK
3451,SSKIHEIK
3452,AVKYMR*R
3453,Q*NT*DKD
3454,SKIHEIKT
3455,VKYMR*RP
3456,*NT*DKDL
3457,KIHEIKTS
3458,KYMR*RPQ
3459,NT*DKDLK
3460,IHEIKTSR
3461,YMR*RPQE
3462,T*DKDLKK
3463,HEIKTSRS
3464,MR*RPQEV
3465,*DKDLKKL
3466,EIKTSRS*
3467,R*RPQEVK
3468,DKDLKKLK
3469,IKTSRS*K
3470,*RPQEVKR
3471,KDLKKLKD
3472,KTSRS*KI
3473,RPQEVKRY
3474,DLKKLKDT
3475,TSRS*KIL
3476,PQEVKRYL
3477,LKKLKDT*
3478,SRS*KILN
3479,QEVKRYLI
3480,KKLKDT*F
3481,RS*KILNS
3482,EVKRYLIL
3483,KLKDT*FL
3484,S*KILNSC
3485,VKRYLILA
3486,LKDT*FLP
3487,*KILNSCL
3488,KRYLILAL
3489,KDT*FLPY
3490,KILNSCLI
3491,RYLILALY
3492,DT*FLPYT
3493,ILNSCLIP
3494,YLILALYL
3495,T*FLPYTS
3496,LNSCLIPH
3497,LILALYLT
3498,*FLPYTSL
3499,NSCLIPHS
3500,ILALYLTL
3501,FLPYTSLY
3502,SCLIPHSI
3503,LALYLTLF
3504,MPYTSLYS
3505,CLIPHSIL
3506,ALYLTLFC
3507,PYTSLYSV
3508,LIPHSIL*
3509,LYLTLFCK
3510,YTSLYSVN
3511,IPHSIL*I
3512,YLTLFCKF
3513,TSLYSVNL
3514,PHSIL*I*
3515,LTLFCKFE
3516,SLYSVNLK
3517,HSIL*I*K
3518,TLFCKFEK
3519,LYSVNLKK
3520,SIL*I*KK
3521,LFCKFEKK
3522,YSVNLKKK
3523,IL*I*KKS
3524,FCKFEKKA
3525,SVNLKKKH
3526,M*I*KKSM
3527,CKFEKKAW
3528,VNLKKKHG
3529,*I*KKSMD
3530,KFEKKAWI
3531,NLKKKHGY
3532,I*KKSMDT
3533,FEKKAWIP
3534,MKKKHGYL
3535,*KKSMDTW
3536,EKKAWIPG
3537,KKKHGYLD
3538,KKSMDTWI
3539,KKAWIPGY
3540,KKHGYLDI
3541,KSMDTWIS
3542,KAWIPGYP
3543,KHGYLDIL
3544,SMDTWISL
3545,AWIPGYPW
3546,HGYLDILG
3547,MDTWISLA
3548,WIPGYPWL
3549,GYLDILGF
3550,DTWISLAS
3551,IPGYPWLL
3552,YLDILGFF
3553,TWISLASL
3554,PGYPWLL*
3555,MDILGFFE
3556,WISLASLR
3557,GYPWLL*E
3558,DILGFFEN
3559,ISLASLRI
3560,YPWLL*EF
3561,ILGFFENL
3562,SLASLRI*
3563,PWLL*EFK
3564,LGFFENLR
3565,MASLRI*E
3566,WLL*EFKR
3567,GFFENLRE
3568,ASLRI*EK
3569,LL*EFKRN
3570,FFENLREI
3571,SLRI*EKL
3572,L*EFKRN*
3573,FENLREIK
3574,MRI*EKLN
3575,*EFKRN*I
3576,ENLREIKS
3577,RI*EKLNL
3578,EFKRN*I*
3579,NLREIKSE
3580,I*EKLNLN
3581,FKRN*I*I
3582,LREIKSE*
3583,*EKLNLNK
3584,KRN*I*IN
3585,REIKSE*I
3586,EKLNLNK*
3587,RN*I*INK
3588,EIKSE*IK
3589,KLNLNK*K
3590,N*I*INKK
3591,IKSE*IKK
3592,LNLNK*KK
3593,*I*INKKK
3594,KSE*IKKK
3595,NLNK*KKK
3596,I*INKKKK
3597,SE*IKKKK
3598,MNK*KKKK
3599,*INKKKKK
3600,E*IKKKKK
3601,TDLRVGGQ
3602,MTCALEVR
3603,*LARWRSE
3604,DLRVGGQR
3605,TCALEVRE
3606,LARWRSEN
3607,MRVGGQRT
3608,CALEVREQ
3609,ARWRSENS
3610,RVGGQRTA
3611,ALEVREQR
3612,RWRSENSE
3613,VGGQRTAR
3614,MEVREQRD
3615,WRSENSEI
3616,GGQRTARF
3617,EVREQRDS
3618,RSENSEIL
3619,GQRTARFS
3620,VREQRDSR
3621,SENSEILA
3622,QRTARFSP
3623,REQRDSRP
3624,ENSEILAL
3625,RTARFSP*
3626,EQRDSRPE
3627,NSEILALS
3628,TARFSP*A
3629,QRDSRPEQ
3630,SEILALSN
3631,ARFSP*AT
3632,RDSRPEQR
3633,EILALSNG
3634,RFSP*ATA
3635,DSRPEQRP
3636,ILALSNGL
3637,FSP*ATA*
3638,SRPEQRPD
3639,LALSNGLT
3640,SP*ATA*R
3641,RPEQRPDV
3642,ALSNGLTS
3643,P*ATA*RR
3644,PEQRPDVG
3645,MSNGLTSV
3646,*ATA*RRW
3647,EQRPDVGG
3648,SNGLTSVE
3649,ATA*RRWR
3650,QRPDVGGG
3651,NGLTSVEG
3652,TA*RRWRE
3653,RPDVGGGK
3654,GLTSVEGS
3655,A*RRWREA
3656,PDVGGGKQ
3657,MTSVEGSR
3658,*RRWREAG
3659,DVGGGKQA
3660,TSVEGSRR
3661,RRWREAGA
3662,VGGGKQAQ
3663,SVEGSRRR
3664,RWREAGAG
3665,GGGKQAQA
3666,VEGSRRRL
3667,WREAGAGS
3668,GGKQAQAP
3669,EGSRRRLR
3670,REAGAGSV
3671,GKQAQAP*
3672,GSRRRLRE
3673,EAGAGSVR
3674,KQAQAP*G
3675,SRRRLREE
3676,AGAGSVRR
3677,QAQAP*GG
3678,RRRLREEA
3679,GAGSVRRQ
3680,AQAP*GGK
3681,RRLREEAR
3682,AGSVRRQG
3683,QAP*GGKV
3684,RLREEARF
3685,GSVRRQGS
3686,AP*GGKVL
3687,LREEARF*
3688,SVRRQGSE
3689,P*GGKVLR
3690,REEARF*G
3691,VRRQGSEE
3692,*GGKVLRR
3693,EEARF*GD
3694,RRQGSEET
3695,GGKVLRRQ
3696,EARF*GDR
3697,RQGSEETG
3698,GKVLRRQA
3699,ARF*GDRP
3700,QGSEETGP
3701,KVLRRQAP
3702,RF*GDRPR
3703,GSEETGPG
3704,VLRRQAPE
3705,F*GDRPRS
3706,SEETGPGA
3707,MRRQAPEQ
3708,*GDRPRSS
3709,EETGPGAA
3710,RRQAPEQH
3711,GDRPRSST
3712,ETGPGAAL
3713,RQAPEQH*
3714,DRPRSSTS
3715,TGPGAALA
3716,QAPEQH*L
3717,RPRSSTSS
3718,GPGAALAP
3719,APEQH*LL
3720,PRSSTSSC
3721,PGAALAPA
3722,PEQH*LLP
3723,RSSTSSCP
3724,GAALAPAH
3725,EQH*LLPT
3726,SSTSSCPH
3727,AALAPAHT
3728,QH*LLPTL
3729,STSSCPHS
3730,ALAPAHTP
3731,H*LLPTLL
3732,TSSCPHSY
3733,LAPAHTPT
3734,*LLPTLLP
3735,SSCPHSYL
3736,APAHTPTC
3737,LLPTLLPA
3738,SCPHSYLL
3739,PAHTPTCC
3740,MPTLLPAA
3741,CPHSYLLP
3742,AHTPTCCP
3743,PTLLPAAL
3744,PHSYLLP*
3745,HTPTCCPD
3746,TLLPAALT
3747,HSYLLP*P
3748,TPTCCPDQ
3749,LLPAALTR
3750,SYLLP*PE
3751,PTCCPDQS
3752,LPAALTRV
3753,YLLP*PES
3754,TCCPDQSH
3755,PAALTRVI
3756,MLP*PESS
3757,CCPDQSHH
3758,AALTRVIM
3759,MP*PESSC
3760,CPDQSHHA
3761,ALTRVIMP
3762,P*PESSCH
3763,PDQSHHAT
3764,MTRVIMPL
3765,*PESSCHL
3766,DQSHHAT*
3767,TRVIMPLE
3768,PESSCHLS
3769,QSHHAT*A
3770,RVIMPLEQ
3771,ESSCHLSR
3772,SHHAT*AE
3773,VIMPLEQR
3774,SSCHLSRG
3775,HHAT*AEE
3776,IMPLEQRS
3777,SCHLSRGV
3778,HAT*AEES
3779,MPLEQRSQ
3780,CHLSRGVS
3781,AT*AEESA
3782,PLEQRSQH
3783,HLSRGVST
3784,T*AEESAL
3785,LEQRSQHC
3786,MSRGVSTA
3787,*AEESALQ
3788,EQRSQHCK
3789,SRGVSTAS
3790,AEESALQA
3791,QRSQHCKP
3792,RGVSTASL
3793,EESALQA*
3794,RSQHCKPE
3795,GVSTASLR
3796,ESALQA*G
3797,SQHCKPEE
3798,VSTASLRK
3799,SALQA*GR
3800,QHCKPEEG
3801,STASLRKA
3802,ALQA*GRP
3803,HCKPEEGL
3804,TASLRKAL
3805,MQA*GRP*
3806,CKPEEGLE
3807,ASLRKALR
3808,QA*GRP*G
3809,KPEEGLEA
3810,SLRKALRP
3811,A*GRP*GP
3812,PEEGLEAQ
3813,MRKALRPK
3814,*GRP*GPR
3815,EEGLEAQG
3816,RKALRPKE
3817,GRP*GPRR
3818,EGLEAQGE
3819,KALRPKER
3820,RP*GPRRG
3821,GLEAQGEA
3822,ALRPKERP
3823,P*GPRRGP
3824,LEAQGEAL
3825,MRPKERPW
3826,*GPRRGPG
3827,EAQGEALG
3828,RPKERPWA
3829,GPRRGPGL
3830,AQGEALGL
3831,PKERPWAW
3832,PRRGPGLG
3833,QGEALGLV
3834,KERPWAWW
3835,RRGPGLGG
3836,GEALGLVG
3837,ERPWAWWV
3838,RGPGLGGC
3839,EALGLVGA
3840,RPWAWWVR
3841,GPGLGGCA
3842,ALGLVGAQ
3843,PWAWWVRR
3844,PGLGGCAG
3845,MGLVGAQA
3846,WAWWVRRL
3847,GLGGCAGS
3848,GLVGAQAP
3849,AWWVRRLL
3850,LGGCAGSC
3851,MVGAQAPA
3852,WWVRRLLL
3853,GGCAGSCY
3854,VGAQAPAT
3855,WVRRLLLL
3856,GCAGSCY*
3857,GAQAPATE
3858,VRRLLLLR
3859,CAGSCY*G
3860,AQAPATEE
3861,RRLLLLRS
3862,AGSCY*GA
3863,QAPATEEQ
3864,RLLLLRSR
3865,GSCY*GAG
3866,APATEEQE
3867,LLLLRSRR
3868,SCY*GAGD
3869,PATEEQET
3870,MLLRSRRL
3871,CY*GAGDC
3872,ATEEQETA
3873,LLRSRRLP
3874,Y*GAGDCL
3875,TEEQETAS
3876,MRSRRLPP
3877,*GAGDCLL
3878,EEQETASS
3879,RSRRLPPP
3880,GAGDCLLL
3881,EQETASSS
3882,SRRLPPPP
3883,AGDCLLLL
3884,QETASSSS
3885,RRLPPPPL
3886,GDCLLLLY
3887,ETASSSST
3888,RLPPPPLL
3889,DCLLLLYS
3890,TASSSSTL
3891,MPPPPLL*
3892,CLLLLYSS
3893,ASSSSTLV
3894,PPPPLL*W
3895,LLLLYSSG
3896,SSSSTLVE
3897,PPPLL*WK
3898,LLLYSSGS
3899,SSSTLVEV
3900,PPLL*WKS
3901,LLYSSGSH
3902,SSTLVEVT
3903,PLL*WKSP
3904,LYSSGSHP
3905,STLVEVTL
3906,LL*WKSPC
3907,YSSGSHPA
3908,TLVEVTLR
3909,L*WKSPCG
3910,SSGSHPAG
3911,LVEVTLRE
3912,*WKSPCGR
3913,SGSHPAGG
3914,VEVTLREV
3915,WKSPCGRC
3916,GSHPAGGA
3917,EVTLREVP
3918,KSPCGRCL
3919,SHPAGGAC
3920,VTLREVPA
3921,SPCGRCLL
3922,HPAGGACC
3923,TLREVPAA
3924,PCGRCLLP
3925,PAGGACCR
3926,MREVPAAE
3927,CGRCLLPS
3928,AGGACCRV
3929,REVPAAES
3930,GRCLLPSH
3931,GGACCRVT
3932,EVPAAESP
3933,RCLLPSHQ
3934,GACCRVTK
3935,VPAAESPS
3936,CLLPSHQV
3937,ACCRVTKS
3938,PAAESPSP
3939,MLPSHQVL
3940,CCRVTKSS
3941,AAESPSPP
3942,MPSHQVLP
3943,CRVTKSSP
3944,AESPSPPH
3945,PSHQVLPT
3946,RVTKSSPQ
3947,ESPSPPHS
3948,SHQVLPTV
3949,VTKSSPQS
3950,SPSPPHSP
3951,HQVLPTVL
3952,TKSSPQSS
3953,PSPPHSPQ
3954,QVLPTVLR
3955,KSSPQSSG
3956,SPPHSPQG
3957,VLPTVLRE
3958,SSPQSSGS
3959,PPHSPQGA
3960,LPTVLREP
3961,SPQSSGSL
3962,PHSPQGAS
3963,PTVLREPP
3964,PQSSGSLH
3965,HSPQGAST
3966,TVLREPPP
3967,QSSGSLHP
3968,SPQGASTL
3969,VLREPPPS
3970,SSGSLHPP
3971,PQGASTLP
3972,LREPPPSP
3973,SGSLHPPH
3974,QGASTLPT
3975,REPPPSPL
3976,GSLHPPHY
3977,GASTLPTT
3978,EPPPSPLP
3979,SLHPPHYH
3980,ASTLPTTI
3981,PPPSPLPS
3982,LHPPHYHQ
3983,STLPTTIN
3984,PPSPLPST
3985,HPPHYHQL
3986,TLPTTINY
3987,PSPLPSTI
3988,PPHYHQLY
3989,LPTTINYT
3990,SPLPSTIL
3991,PHYHQLYS
3992,PTTINYTL
3993,PLPSTILS
3994,HYHQLYSL
3995,TTINYTLW
3996,LPSTILSG
3997,YHQLYSLE
3998,TINYTLWS
3999,PSTILSGV
4000,HQLYSLES
4001,INYTLWSQ
4002,STILSGVN
4003,QLYSLESI
4004,NYTLWSQS
4005,TILSGVNP
4006,LYSLESIR
4007,YTLWSQSD
4008,ILSGVNPM
4009,YSLESIR*
4010,TLWSQSDE
4011,LSGVNPMR
4012,SLESIR*G
4013,LWSQSDEG
4014,SGVNPMRA
4015,MESIR*GL
4016,WSQSDEGS
4017,GVNPMRAP
4018,ESIR*GLQ
4019,SQSDEGSS
4020,VNPMRAPA
4021,SIR*GLQQ
4022,QSDEGSSN
4023,NPMRAPAT
4024,IR*GLQQR
4025,SDEGSSNE
4026,PMRAPATK
4027,R*GLQQRR
4028,DEGSSNEE
4029,MRAPATKN
4030,*GLQQRRT
4031,EGSSNEEQ
4032,RAPATKNR
4033,GLQQRRTG
4034,GSSNEEQE
4035,APATKNRK
4036,LQQRRTGR
4037,SSNEEQEG
4038,PATKNRKG
4039,QQRRTGRA
4040,SNEEQEGP
4041,ATKNRKGQ
4042,QRRTGRAK
4043,NEEQEGPS
4044,TKNRKGQA
4045,RRTGRAKH
4046,EEQEGPST
4047,KNRKGQAP
4048,RTGRAKHL
4049,EQEGPSTF
4050,NRKGQAPF
4051,TGRAKHLS
4052,QEGPSTFP
4053,RKGQAPFL
4054,GRAKHLS*
4055,EGPSTFPD
4056,KGQAPFLT
4057,RAKHLS*P
4058,GPSTFPDL
4059,GQAPFLTW
4060,AKHLS*PG
4061,PSTFPDLE
4062,QAPFLTWR
4063,KHLS*PGD
4064,STFPDLET
4065,APFLTWRR
4066,HLS*PGDE
4067,TFPDLETS
4068,PFLTWRRA
4069,LS*PGDEL
4070,FPDLETSF
4071,FLTWRRAS
4072,S*PGDELP
4073,PDLETSFQ
4074,MTWRRASK
4075,*PGDELPS
4076,DLETSFQV
4077,TWRRASK*
4078,PGDELPSS
4079,METSFQVA
4080,WRRASK*H
4081,GDELPSST
4082,ETSFQVAL
4083,RRASK*HS
4084,DELPSSTQ
4085,TSFQVALS
4086,RASK*HSV
4087,ELPSSTQ*
4088,SFQVALSR
4089,ASK*HSVG
4090,LPSSTQ*E
4091,FQVALSRK
4092,SK*HSVGR
4093,PSSTQ*ED
4094,QVALSRKM
4095,K*HSVGRW
4096,SSTQ*EDG
4097,VALSRKMA
4098,*HSVGRWL
4099,STQ*EDG*
4100,ALSRKMAE
4101,HSVGRWLS
4102,TQ*EDG*V
4103,LSRKMAEL
4104,SVGRWLSW
4105,Q*EDG*VG
4106,SRKMAELV
4107,VGRWLSWF
4108,*EDG*VGS
4109,RKMAELVH
4110,GRWLSWFI
4111,EDG*VGSF
4112,KMAELVHF
4113,RWLSWFIF
4114,DG*VGSFS
4115,MAELVHFL
4116,WLSWFIFC
4117,G*VGSFSA
4118,AELVHFLL
4119,MSWFIFCS
4120,*VGSFSAP
4121,ELVHFLLL
4122,SWFIFCSS
4123,VGSFSAPQ
4124,MVHFLLLK
4125,WFIFCSSS
4126,GSFSAPQV
4127,VHFLLLKY
4128,FIFCSSSI
4129,SFSAPQVS
4130,HFLLLKYR
4131,IFCSSSIE
4132,FSAPQVSS
4133,FLLLKYRA
4134,FCSSSIEP
4135,SAPQVSSQ
4136,MLLKYRAR
4137,CSSSIEPG
4138,APQVSSQG
4139,LLKYRARE
4140,SSSIEPGS
4141,PQVSSQGA
4142,LKYRAREP
4143,SSIEPGSH
4144,QVSSQGAI
4145,KYRAREPF
4146,SIEPGSHS
4147,VSSQGAIH
4148,YRAREPFT
4149,IEPGSHSQ
4150,SSQGAIHK
4151,RAREPFTK
4152,EPGSHSQR
4153,SQGAIHKG
4154,AREPFTKA
4155,PGSHSQRQ
4156,QGAIHKGR
4157,REPFTKAE
4158,GSHSQRQK
4159,GAIHKGRN
4160,EPFTKAEM
4161,SHSQRQKC
4162,AIHKGRNA
4163,PFTKAEML
4164,HSQRQKCW
4165,IHKGRNAG
4166,FTKAEMLG
4167,SQRQKCWG
4168,HKGRNAGE
4169,TKAEMLGS
4170,QRQKCWGV
4171,KGRNAGEC
4172,KAEMLGSV
4173,RQKCWGVS
4174,GRNAGECH
4175,AEMLGSVI
4176,QKCWGVSS
4177,RNAGECHQ
4178,EMLGSVIR
4179,KCWGVSSE
4180,NAGECHQK
4181,MLGSVIRN
4182,CWGVSSEI
4183,AGECHQKF
4184,MGSVIRNF
4185,WGVSSEIS
4186,GECHQKFP
4187,GSVIRNFQ
4188,GVSSEISR
4189,ECHQKFPG
4190,SVIRNFQD
4191,VSSEISRT
4192,CHQKFPGL
4193,VIRNFQDF
4194,SSEISRTS
4195,HQKFPGLL
4196,IRNFQDFF
4197,SEISRTSF
4198,QKFPGLLS
4199,RNFQDFFP
4200,EISRTSFL
4201,KFPGLLSC
4202,NFQDFFPV
4203,ISRTSFL*
4204,FPGLLSCD
4205,FQDFFPVI
4206,SRTSFL*S
4207,PGLLSCDL
4208,QDFFPVIF
4209,RTSFL*SS
4210,GLLSCDLQ
4211,DFFPVIFS
4212,TSFL*SSA
4213,LLSCDLQQ
4214,FFPVIFSK
4215,SFL*SSAK
4216,LSCDLQQS
4217,FPVIFSKA
4218,FL*SSAKP
4219,SCDLQQSL
4220,PVIFSKAS
4221,M*SSAKPP
4222,CDLQQSLR
4223,VIFSKASE
4224,*SSAKPPS
4225,DLQQSLRV
4226,IFSKASEY
4227,SSAKPPST
4228,LQQSLRVL
4229,FSKASEYL
4230,SAKPPSTC
4231,QQSLRVLA
4232,SKASEYLQ
4233,AKPPSTCS
4234,QSLRVLAA
4235,KASEYLQL
4236,KPPSTCSW
4237,SLRVLAAG
4238,ASEYLQLV
4239,PPSTCSWS
4240,LRVLAAGL
4241,SEYLQLVF
4242,PSTCSWSL
4243,RVLAAGLW
4244,EYLQLVFG
4245,STCSWSLA
4246,VLAAGLWH
4247,YLQLVFGI
4248,TCSWSLAS
4249,LAAGLWHR
4250,MQLVFGIE
4251,CSWSLASR
4252,AAGLWHRG
4253,QLVFGIEV
4254,SWSLASRW
4255,AGLWHRGG
4256,MVFGIEVV
4257,WSLASRWW
4258,GLWHRGGG
4259,VFGIEVVE
4260,SLASRWWK
4261,LWHRGGGS
4262,FGIEVVEV
4263,MASRWWKW
4264,WHRGGGSG
4265,GIEVVEVV
4266,ASRWWKWS
4267,HRGGGSGP
4268,IEVVEVVR
4269,SRWWKWSA
4270,RGGGSGPH
4271,EVVEVVRI
4272,RWWKWSAS
4273,GGGSGPHR
4274,VVEVVRIG
4275,WWKWSASA
4276,GGSGPHRP
4277,VEVVRIGH
4278,WKWSASAT
4279,GSGPHRPL
4280,EVVRIGHL
4281,KWSASATC
4282,SGPHRPLV
4283,VVRIGHLY
4284,WSASATCT
4285,GPHRPLVH
4286,VRIGHLYI
4287,SASATCTS
4288,PHRPLVHP
4289,RIGHLYIL
4290,ASATCTSL
4291,HRPLVHPC
4292,IGHLYILV
4293,SATCTSLS
4294,RPLVHPCH
4295,GHLYILVT
4296,ATCTSLSP
4297,PLVHPCHL
4298,HLYILVTC
4299,TCTSLSPA
4300,LVHPCHLP
4301,MYILVTCL
4302,CTSLSPAW
4303,VHPCHLPG
4304,YILVTCLG
4305,TSLSPAWA
4306,HPCHLPGP
4307,ILVTCLGL
4308,SLSPAWAS
4309,PCHLPGPL
4310,LVTCLGLS
4311,MSPAWASP
4312,CHLPGPLL
4313,VTCLGLSY
4314,SPAWASPT
4315,HLPGPLLR
4316,TCLGLSYD
4317,PAWASPTM
4318,MPGPLLRW
4319,CLGLSYDG
4320,AWASPTMA
4321,PGPLLRWP
4322,MGLSYDGL
4323,WASPTMAC
4324,GPLLRWPA
4325,GLSYDGLL
4326,ASPTMACW
4327,PLLRWPAG
4328,LSYDGLLG
4329,SPTMACWA
4330,LLRWPAGR
4331,SYDGLLGD
4332,PTMACWAT
4333,LRWPAGRQ
4334,YDGLLGDN
4335,TMACWATI
4336,RWPAGRQS
4337,DGLLGDNQ
4338,MACWATIR
4339,WPAGRQSD
4340,GLLGDNQI
4341,ACWATIRS
4342,PAGRQSDR
4343,MLGDNQIV
4344,CWATIRSC
4345,AGRQSDRA
4346,MGDNQIVP
4347,WATIRSCP
4348,GRQSDRAQ
4349,GDNQIVPK
4350,ATIRSCPR
4351,RQSDRAQD
4352,DNQIVPKT
4353,TIRSCPRQ
4354,QSDRAQDR
4355,NQIVPKTG
4356,IRSCPRQA
4357,SDRAQDRP
4358,QIVPKTGL
4359,RSCPRQAS
4360,DRAQDRPP
4361,IVPKTGLL
4362,SCPRQAS*
4363,RAQDRPPD
4364,VPKTGLLI
4365,CPRQAS**
4366,AQDRPPDN
4367,PKTGLLII
4368,PRQAS**S
4369,QDRPPDNR
4370,KTGLLIIV
4371,RQAS**SS
4372,DRPPDNRP
4373,TGLLIIVL
4374,QAS**SSW
4375,RPPDNRPG
4376,GLLIIVLA
4377,AS**SSWP
4378,PPDNRPGH
4379,LLIIVLAI
4380,S**SSWP*
4381,PDNRPGHN
4382,MIIVLAII
4383,**SSWP*S
4384,DNRPGHNR
4385,IIVLAIIA
4386,*SSWP*SQ
4387,NRPGHNRK
4388,IVLAIIAK
4389,SSWP*SQK
4390,RPGHNRKR
4391,VLAIIAKE
4392,SWP*SQKR
4393,PGHNRKRG
4394,MAIIAKEG
4395,WP*SQKRA
4396,GHNRKRGR
4397,AIIAKEGD
4398,P*SQKRAT
4399,HNRKRGRL
4400,IIAKEGDC
4401,*SQKRATV
4402,NRKRGRLC
4403,IAKEGDCA
4404,SQKRATVP
4405,RKRGRLCP
4406,AKEGDCAP
4407,QKRATVPL
4408,KRGRLCP*
4409,KEGDCAPE
4410,KRATVPLR
4411,RGRLCP*G
4412,EGDCAPEE
4413,RATVPLRR
4414,GRLCP*GE
4415,GDCAPEEK
4416,ATVPLRRK
4417,RLCP*GEN
4418,DCAPEEKI
4419,TVPLRRKS
4420,MCP*GENL
4421,CAPEEKIW
4422,VPLRRKSG
4423,CP*GENLG
4424,APEEKIWE
4425,PLRRKSGR
4426,P*GENLGG
4427,PEEKIWEE
4428,MRRKSGRS
4429,*GENLGGA
4430,EEKIWEEL
4431,RRKSGRS*
4432,GENLGGAE
4433,EKIWEELS
4434,RKSGRS*V
4435,ENLGGAEC
4436,KIWEELSV
4437,KSGRS*VC
4438,NLGGAECV
4439,IWEELSVL
4440,SGRS*VCW
4441,MGGAECVG
4442,WEELSVLE
4443,GRS*VCWR
4444,GGAECVGG
4445,EELSVLEA
4446,RS*VCWRH
4447,GAECVGGI
4448,ELSVLEAS
4449,S*VCWRHL
4450,AECVGGI*
4451,MSVLEASD
4452,*VCWRHLM
4453,ECVGGI*W
4454,SVLEASDG
4455,VCWRHLMG
4456,CVGGI*WE
4457,VLEASDGR
4458,CWRHLMGG
4459,VGGI*WEG
4460,MEASDGRE
4461,WRHLMGGR
4462,GGI*WEGG
4463,EASDGRED
4464,RHLMGGRT
4465,GI*WEGGQ
4466,ASDGREDS
4467,HLMGGRTV
4468,I*WEGGQC
4469,SDGREDSV
4470,MMGGRTVS
4471,*WEGGQCL
4472,DGREDSVF
4473,MGGRTVSL
4474,WEGGQCLC
4475,GREDSVFA
4476,GGRTVSLR
4477,EGGQCLCA
4478,REDSVFAH
4479,GRTVSLRI
4480,GGQCLCAS
4481,EDSVFAHP
4482,RTVSLRIP
4483,GQCLCASQ
4484,DSVFAHPR
4485,TVSLRIPG
4486,QCLCASQE
4487,SVFAHPRK
4488,VSLRIPGS
4489,CLCASQEA
4490,VFAHPRKL
4491,SLRIPGSC
4492,LCASQEAA
4493,FAHPRKLL
4494,MRIPGSCS
4495,CASQEAAH
4496,AHPRKLLT
4497,RIPGSCSP
4498,ASQEAAHP
4499,HPRKLLTQ
4500,IPGSCSPK
4501,SQEAAHPR
4502,PRKLLTQD
4503,PGSCSPKI
4504,QEAAHPRF
4505,RKLLTQDL
4506,GSCSPKIW
4507,EAAHPRFG
4508,KLLTQDLV
4509,SCSPKIWC
4510,AAHPRFGA
4511,MLTQDLVQ
4512,CSPKIWCR
4513,AHPRFGAG
4514,LTQDLVQE
4515,SPKIWCRK
4516,HPRFGAGK
4517,TQDLVQEN
4518,PKIWCRKT
4519,PRFGAGKL
4520,QDLVQENY
4521,KIWCRKTT
4522,RFGAGKLP
4523,DLVQENYL
4524,IWCRKTTW
4525,FGAGKLPG
4526,MVQENYLE
4527,WCRKTTWS
4528,GAGKLPGV
4529,VQENYLEY
4530,CRKTTWST
4531,AGKLPGVP
4532,QENYLEYR
4533,RKTTWSTG
4534,GKLPGVPA
4535,ENYLEYRQ
4536,KTTWSTGR
4537,KLPGVPAG
4538,NYLEYRQV
4539,TTWSTGRS
4540,LPGVPAGP
4541,YLEYRQVP
4542,TWSTGRSP
4543,PGVPAGPR
4544,MEYRQVPG
4545,WSTGRSPA
4546,GVPAGPRQ
4547,EYRQVPGS
4548,STGRSPAV
4549,VPAGPRQ*
4550,YRQVPGSD
4551,TGRSPAVI
4552,PAGPRQ*S
4553,RQVPGSDP
4554,GRSPAVIL
4555,AGPRQ*SC
4556,QVPGSDPA
4557,RSPAVILH
4558,GPRQ*SCM
4559,VPGSDPAC
4560,SPAVILHA
4561,PRQ*SCML
4562,PGSDPACY
4563,PAVILHAT
4564,RQ*SCMLR
4565,GSDPACYE
4566,AVILHATS
4567,Q*SCMLRV
4568,SDPACYEF
4569,VILHATSS
4570,*SCMLRVP
4571,DPACYEFL
4572,ILHATSSC
4573,SCMLRVPV
4574,PACYEFLW
4575,MHATSSCG
4576,CMLRVPVG
4577,ACYEFLWG
4578,HATSSCGV
4579,MLRVPVGS
4580,CYEFLWGP
4581,ATSSCGVQ
4582,LRVPVGSK
4583,YEFLWGPR
4584,TSSCGVQG
4585,RVPVGSKG
4586,EFLWGPRA
4587,SSCGVQGP
4588,VPVGSKGP
4589,FLWGPRAL
4590,SCGVQGPS
4591,PVGSKGPR
4592,MWGPRALV
4593,CGVQGPSL
4594,VGSKGPR*
4595,WGPRALVE
4596,GVQGPSLK
4597,GSKGPR*N
4598,GPRALVET
4599,VQGPSLKP
4600,SKGPR*NQ
4601,PRALVETS
4602,QGPSLKPA
4603,KGPR*NQL
4604,RALVETSY
4605,GPSLKPAM
4606,GPR*NQLC
4607,ALVETSYV
4608,PSLKPAM*
4609,PR*NQLCE
4610,LVETSYVK
4611,SLKPAM*K
4612,R*NQLCES
4613,VETSYVKV
4614,MKPAM*KS
4615,*NQLCESP
4616,ETSYVKVL
4617,KPAM*KSC
4618,NQLCESPA
4619,TSYVKVLH
4620,PAM*KSCT
4621,QLCESPAP
4622,SYVKVLHH
4623,AM*KSCTI
4624,LCESPAPF
4625,YVKVLHHL
4626,M*KSCTIC
4627,CESPAPFA
4628,VKVLHHLL
4629,*KSCTIC*
4630,ESPAPFAK
4631,KVLHHLLK
4632,KSCTIC*R
4633,SPAPFAKD
4634,VLHHLLKI
4635,SCTIC*RS
4636,PAPFAKDQ
4637,MHHLLKIS
4638,CTIC*RSV
4639,APFAKDQW
4640,HHLLKISG
4641,TIC*RSVE
4642,PFAKDQWR
4643,HLLKISGG
4644,IC*RSVED
4645,FAKDQWRT
4646,MLKISGGP
4647,C*RSVEDL
4648,AKDQWRTS
4649,LKISGGPH
4650,*RSVEDLT
4651,KDQWRTSH
4652,KISGGPHI
4653,RSVEDLTF
4654,DQWRTSHF
4655,ISGGPHIS
4656,SVEDLTFP
4657,QWRTSHFL
4658,SGGPHISY
4659,VEDLTFPT
4660,WRTSHFLP
4661,GGPHISYP
4662,EDLTFPTH
4663,RTSHFLPT
4664,GPHISYPP
4665,DLTFPTHP
4666,TSHFLPTP
4667,PHISYPPL
4668,LTFPTHPC
4669,SHFLPTPA
4670,HISYPPLH
4671,TFPTHPCM
4672,HFLPTPA*
4673,ISYPPLHE
4674,FPTHPCMN
4675,FLPTPA*M
4676,SYPPLHEW
4677,PTHPCMNG
4678,LPTPA*MG
4679,YPPLHEWA
4680,THPCMNGL
4681,PTPA*MGF
4682,PPLHEWAF
4683,HPCMNGLL
4684,TPA*MGF*
4685,PLHEWAFR
4686,PCMNGLLE
4687,PA*MGF*R
4688,MHEWAFRE
4689,CMNGLLER
4690,A*MGF*RG
4691,HEWAFREG
4692,MNGLLERG
4693,*MGF*RGG
4694,EWAFREGE
4695,NGLLERGK
4696,MGF*RGGR
4697,WAFREGEE
4698,GLLERGKS
4699,GF*RGGRV
4700,AFREGEE*
4701,LLERGKSE
4702,F*RGGRVS
4703,FREGEE*V
4704,LERGKSES
4705,*RGGRVSL
4706,REGEE*V*
4707,ERGKSESE
4708,RGGRVSLS
4709,EGEE*V*A
4710,RGKSESEH
4711,GGRVSLST
4712,GEE*V*AR
4713,GKSESEHE
4714,GRVSLSTS
4715,EE*V*ARV
4716,KSESEHEL
4717,RVSLSTSC
4718,E*V*ARVA
4719,SESEHELQ
4720,VSLSTSCS
4721,*V*ARVAA
4722,ESEHELQP
4723,SLSTSCSQ
4724,V*ARVAAR
4725,SEHELQPG
4726,MSTSCSQG
4727,*ARVAARA
4728,EHELQPGP
4729,STSCSQGQ
4730,ARVAARAS
4731,HELQPGPV
4732,TSCSQGQW
4733,RVAARASG
4734,ELQPGPVG
4735,SCSQGQWE
4736,VAARASGR
4737,MQPGPVGG
4738,CSQGQWEG
4739,AARASGRG
4740,QPGPVGGG
4741,SQGQWEGV
4742,ARASGRGS
4743,PGPVGGGL
4744,QGQWEGVW
4745,RASGRGSG
4746,GPVGGGLG
4747,GQWEGVWA
4748,ASGRGSGP
4749,PVGGGLGQ
4750,QWEGVWAS
4751,SGRGSGPV
4752,VGGGLGQC
4753,WEGVWASA
4754,GRGSGPVH
4755,GGGLGQCT
4756,EGVWASAP
4757,RGSGPVHL
4758,GGLGQCTF
4759,GVWASAPS
4760,GSGPVHLP
4761,GLGQCTFQ
4762,VWASAPSK
4763,SGPVHLPR
4764,MGQCTFQG
4765,WASAPSKA
4766,GPVHLPRP
4767,GQCTFQGP
4768,ASAPSKAP
4769,PVHLPRPH
4770,QCTFQGPI
4771,SAPSKAPS
4772,VHLPRPHP
4773,CTFQGPIH
4774,APSKAPSI
4775,HLPRPHPL
4776,TFQGPIH*
4777,PSKAPSIS
4778,LPRPHPLV
4779,FQGPIH*F
4780,SKAPSISF
4781,PRPHPLVS
4782,QGPIH*FP
4783,KAPSISFH
4784,RPHPLVST
4785,GPIH*FPL
4786,APSISFHC
4787,PHPLVSTA
4788,PIH*FPLP
4789,PSISFHCL
4790,HPLVSTAS
4791,IH*FPLPR
4792,SISFHCLV
4793,PLVSTASC
4794,H*FPLPRV
4795,ISFHCLV*
4796,LVSTASCD
4797,*FPLPRVT
4798,SFHCLV*H
4799,VSTASCDM
4800,FPLPRVT*
4801,FHCLV*HE
4802,STASCDMR
4803,PLPRVT*G
4804,HCLV*HEA
4805,TASCDMRP
4806,MPRVT*GP
4807,CLV*HEAH
4808,ASCDMRPI
4809,PRVT*GPF
4810,LV*HEAHS
4811,SCDMRPIL
4812,RVT*GPFF
4813,V*HEAHSS
4814,CDMRPILH
4815,VT*GPFFT
4816,*HEAHSSL
4817,DMRPILHS
4818,T*GPFFTL
4819,HEAHSSLF
4820,MRPILHSL
4821,*GPFFTL*
4822,EAHSSLFE
4823,RPILHSLK
4824,GPFFTL*R
4825,AHSSLFEE
4826,PILHSLKR
4827,PFFTL*RE
4828,HSSLFEES
4829,ILHSLKRA
4830,FFTL*REQ
4831,SSLFEESS
4832,LHSLKRAV
4833,FTL*REQS
4834,SLFEESSQ
4835,HSLKRAVS
4836,TL*REQSV
4837,LFEESSQY
4838,SLKRAVSI
4839,L*REQSVL
4840,FEESSQYC
4841,MKRAVSIV
4842,*REQSVLL
4843,EESSQYC*
4844,KRAVSIVS
4845,REQSVLLV
4846,ESSQYC**
4847,RAVSIVSS
4848,EQSVLLVV
4849,SSQYC***
4850,AVSIVSSE
4851,QSVLLVVS
4852,SQYC***V
4853,VSIVSSEF
4854,SVLLVVSF
4855,QYC***VS
4856,SIVSSEFL
4857,VLLVVSFC
4858,YC***VSV
4859,IVSSEFLF
4860,MLVVSFCS
4861,C***VSVL
4862,VSSEFLFY
4863,LVVSFCSI
4864,***VSVLL
4865,SSEFLFYW
4866,VVSFCSIG
4867,**VSVLLD
4868,SEFLFYWM
4869,VSFCSIG*
4870,*VSVLLDD
4871,EFLFYWMT
4872,SFCSIG*L
4873,VSVLLDDF
4874,FLFYWMTL
4875,FCSIG*L*
4876,SVLLDDFE
4877,MFYWMTLR
4878,CSIG*L*D
4879,VLLDDFEI
4880,FYWMTLRF
4881,SIG*L*DL
4882,LLDDFEIY
4883,YWMTLRFI
4884,IG*L*DLS
4885,MDDFEIYL
4886,WMTLRFIF
4887,G*L*DLSL
4888,DDFEIYLC
4889,MTLRFIFV
4890,*L*DLSLF
4891,DFEIYLCF
4892,TLRFIFVS
4893,L*DLSLFP
4894,FEIYLCFL
4895,MRFIFVSC
4896,*DLSLFPV
4897,EIYLCFLL
4898,RFIFVSCW
4899,DLSLFPVG
4900,IYLCFLLE
4901,FIFVSCWN
4902,LSLFPVGI
4903,YLCFLLEL
4904,IFVSCWNC
4905,SLFPVGIV
4906,LCFLLELF
4907,FVSCWNCS
4908,MFPVGIVQ
4909,CFLLELFK
4910,VSCWNCSN
4911,FPVGIVQM
4912,FLLELFKC
4913,SCWNCSNV
4914,PVGIVQMF
4915,MLELFKCS
4916,CWNCSNVP
4917,VGIVQMFL
4918,MELFKCSF
4919,WNCSNVPF
4920,GIVQMFLL
4921,ELFKCSF*
4922,NCSNVPFN
4923,IVQMFLLT
4924,MFKCSF*R
4925,CSNVPFNG
4926,VQMFLLTD
4927,FKCSF*RM
4928,SNVPFNGW
4929,QMFLLTDG
4930,KCSF*RMV
4931,NVPFNGWL
4932,MFLLTDG*
4933,CSF*RMVE
4934,VPFNGWLN
4935,FLLTDG*M
4936,SF*RMVE*
4937,PFNGWLNE
4938,LLTDG*MN
4939,F*RMVE*T
4940,FNGWLNEL
4941,LTDG*MNF
4942,*RMVE*TS
4943,NGWLNELQ
4944,TDG*MNFS
4945,RMVE*TSA
4946,GWLNELQH
4947,DG*MNFSI
4948,MVE*TSAS
4949,WLNELQHP
4950,G*MNFSIQ
4951,VE*TSASK
4952,MNELQHPS
4953,*MNFSIQV
4954,E*TSASKF
4955,NELQHPSL
4956,MNFSIQVY
4957,*TSASKFM
4958,ELQHPSL*
4959,NFSIQVYE
4960,TSASKFMN
4961,LQHPSL*M
4962,FSIQVYE*
4963,SASKFMND
4964,QHPSL*MT
4965,SIQVYE*Q
4966,ASKFMNDS
4967,HPSL*MTV
4968,IQVYE*Q*
4969,SKFMNDSS
4970,PSL*MTVV
4971,QVYE*Q*S
4972,KFMNDSSH
4973,SL*MTVVT
4974,VYE*Q*SH
4975,FMNDSSHT
4976,L*MTVVTH
4977,YE*Q*SHI
4978,MNDSSHT*
4979,*MTVVTHS
4980,E*Q*SHIV
4981,NDSSHT*C
4982,MTVVTHSA
4983,*Q*SHIVL
4984,DSSHT*CC
4985,TVVTHSAV
4986,Q*SHIVLF
4987,SSHT*CCL
4988,VVTHSAVY
4989,*SHIVLFI
4990,SHT*CCLY
4991,VTHSAVYI
4992,SHIVLFI*
4993,HT*CCLYS
4994,THSAVYIV
4995,HIVLFI*F
4996,T*CCLYSL
4997,HSAVYIV*
4998,IVLFI*FR
4999,*CCLYSLG
5000,SAVYIV*E
5001,VLFI*FRS
5002,CCLYSLGV
5003,AVYIV*E*
5004,MFI*FRSK
5005,CLYSLGVR
5006,VYIV*E*E
5007,FI*FRSKS
5008,LYSLGVRV
5009,YIV*E*EC
5010,I*FRSKSV
5011,YSLGVRVL
5012,IV*E*ECC
5013,*FRSKSVV
5014,SLGVRVLF
5015,V*E*ECCF
5016,FRSKSVVF
5017,LGVRVLFF
5018,*E*ECCFL
5019,RSKSVVFY
5020,GVRVLFFI
5021,E*ECCFLF
5022,SKSVVFYS
5023,VRVLFFIQ
5024,*ECCFLFR
5025,KSVVFYSD
5026,RVLFFIQI
5027,ECCFLFRL
5028,SVVFYSDW
5029,VLFFIQIG
5030,CCFLFRLG
5031,VVFYSDWE
5032,MFFIQIGK
5033,CFLFRLGN
5034,VFYSDWEI
5035,FFIQIGKS
5036,FLFRLGNP
5037,FYSDWEIH
5038,FIQIGKSI
5039,LFRLGNPF
5040,YSDWEIHS
5041,IQIGKSIP
5042,FRLGNPFH
5043,SDWEIHSI
5044,QIGKSIPF
5045,RLGNPFHF
5046,DWEIHSIL
5047,IGKSIPFC
5048,MGNPFHFV
5049,WEIHSIL*
5050,GKSIPFCE
5051,GNPFHFVN
5052,EIHSIL*I
5053,KSIPFCEL
5054,NPFHFVNC
5055,IHSIL*IV
5056,SIPFCEL*
5057,PFHFVNCD
5058,HSIL*IVT
5059,IPFCEL*Q
5060,FHFVNCDK
5061,SIL*IVTN
5062,PFCEL*QI
5063,HFVNCDK*
5064,IL*IVTNN
5065,FCEL*QIT
5066,FVNCDK*Q
5067,M*IVTNNS
5068,CEL*QITA
5069,VNCDK*QQ
5070,*IVTNNSS
5071,EL*QITAV
5072,NCDK*QQW
5073,IVTNNSSG
5074,M*QITAVE
5075,CDK*QQWK
5076,VTNNSSGK
5077,*QITAVEK
5078,DK*QQWKK
5079,TNNSSGKS
5080,QITAVEKV
5081,K*QQWKKY
5082,NNSSGKSM
5083,ITAVEKVC
5084,*QQWKKYV
5085,NSSGKSMC
5086,TAVEKVCA
5087,QQWKKYVL
5088,SSGKSMCL
5089,AVEKVCA*
5090,QWKKYVLR
5091,SGKSMCLE
5092,VEKVCA*N
5093,WKKYVLRI
5094,GKSMCLEL
5095,EKVCA*NC
5096,KKYVLRIV
5097,KSMCLEL*
5098,KVCA*NCE
5099,KYVLRIVK
5100,SMCLEL*K
5101,VCA*NCER
5102,YVLRIVKE
5103,MCLEL*KN
5104,CA*NCERI
5105,VLRIVKEL
5106,CLEL*KN*
5107,A*NCERIS
5108,LRIVKELA
5109,LEL*KN*Q
5110,*NCERISS
5111,RIVKELAV
5112,EL*KN*Q*
5113,NCERISSK
5114,IVKELAVK
5115,M*KN*Q*N
5116,CERISSKI
5117,VKELAVKY
5118,*KN*Q*NT
5119,ERISSKIH
5120,KELAVKYM
5121,KN*Q*NT*
5122,RISSKIHE
5123,ELAVKYMR
5124,N*Q*NT*D
5125,ISSKIHEI
5126,LAVKYMR*
5127,*Q*NT*DK
5128,SSKIHEIK
5129,AVKYMR*R
5130,Q*NT*DKD
5131,SKIHEIKT
5132,VKYMR*RP
5133,*NT*DKDL
5134,KIHEIKTS
5135,KYMR*RPQ
5136,NT*DKDLK
5137,IHEIKTSR
5138,YMR*RPQE
5139,T*DKDLKK
5140,HEIKTSRS
5141,MR*RPQEV
5142,*DKDLKKL
5143,EIKTSRS*
5144,R*RPQEVK
5145,DKDLKKLK
5146,IKTSRS*K
5147,*RPQEVKR
5148,KDLKKLKD
5149,KTSRS*KI
5150,RPQEVKRY
5151,DLKKLKDT
5152,TSRS*KIL
5153,PQEVKRYL
5154,LKKLKDT*
5155,SRS*KILN
5156,QEVKRYLI
5157,KKLKDT*F
5158,RS*KILNS
5159,EVKRYLIL
5160,KLKDT*FL
5161,S*KILNSC
5162,VKRYLILA
5163,LKDT*FLP
5164,*KILNSCL
5165,KRYLILAL
5166,KDT*FLPY
5167,KILNSCLI
5168,RYLILALY
5169,DT*FLPYT
5170,ILNSCLIP
5171,YLILALYL
5172,T*FLPYTS
5173,LNSCLIPH
5174,LILALYLT
5175,*FLPYTSL
5176,NSCLIPHS
5177,ILALYLTL
5178,FLPYTSLY
5179,SCLIPHSI
5180,LALYLTLF
5181,MPYTSLYS
5182,CLIPHSIL
5183,ALYLTLFC
5184,PYTSLYSV
5185,LIPHSIL*
5186,LYLTLFCK
5187,YTSLYSVN
5188,IPHSIL*I
5189,YLTLFCKF
5190,TSLYSVNL
5191,PHSIL*I*
5192,LTLFCKFE
5193,SLYSVNLK
5194,HSIL*I*K
5195,TLFCKFEK
5196,LYSVNLKK
5197,SIL*I*KK
5198,LFCKFEKK
5199,YSVNLKKK
5200,IL*I*KKS
5201,FCKFEKKA
5202,SVNLKKKH
5203,M*I*KKSM
5204,CKFEKKAW
5205,VNLKKKHG
5206,*I*KKSMD
5207,KFEKKAWI
5208,NLKKKHGY
5209,I*KKSMDT
5210,FEKKAWIP
5211,MKKKHGYL
5212,*KKSMDTW
5213,EKKAWIPG
5214,KKKHGYLD
5215,KKSMDTWI
5216,KKAWIPGY
5217,KKHGYLDI
5218,KSMDTWIS
5219,KAWIPGYP
5220,KHGYLDIL
5221,SMDTWISL
5222,AWIPGYPW
5223,HGYLDILG
5224,MDTWISLA
5225,WIPGYPWL
5226,GYLDILGF
5227,DTWISLAS
5228,IPGYPWLL
5229,YLDILGFF
5230,TWISLASL
5231,PGYPWLL*
5232,MDILGFFE
5233,WISLASLR
5234,GYPWLL*E
5235,DILGFFEN
5236,ISLASLRI
5237,YPWLL*EF
5238,ILGFFENL
5239,SLASLRI*
5240,PWLL*EFK
5241,LGFFENLR
5242,MASLRI*E
5243,WLL*EFKR
5244,GFFENLRE
5245,ASLRI*EK
5246,LL*EFKRN
5247,FFENLREI
5248,SLRI*EKL
5249,L*EFKRN*
5250,FENLREIK
5251,MRI*EKLN
5252,*EFKRN*I
5253,ENLREIKS
5254,RI*EKLNL
5255,EFKRN*I*
5256,NLREIKSE
5257,I*EKLNLN
5258,FKRN*I*I
5259,LREIKSE*
5260,*EKLNLNK
5261,KRN*I*IN
5262,REIKSE*I
5263,EKLNLNK*
